|      | 日期         | 城市   |   AQI |   PM2_5 |   PM10 |   SO2 |   NO2 |   CO |    O3 | 质量等级   |   月份 | 月份名称   |
|-----:|:-----------|:-----|------:|--------:|-------:|------:|------:|-----:|------:|:-------|-----:|:-------|
|    0 | 2025-01-01 | 天津   |    92 |    68.8 |  112   |  14.8 |  33.5 | 0.72 |  68   | 良      |    1 | 1月     |
|    1 | 2025-01-02 | 天津   |    93 |    69.3 |  118.8 |  18.2 |  35.1 | 1.09 | 107.1 | 良      |    1 | 1月     |
|    2 | 2025-01-03 | 天津   |    91 |    61.9 |  132.1 |  18.6 |  42.4 | 0.73 |  84.7 | 良      |    1 | 1月     |
|    3 | 2025-01-04 | 天津   |    92 |    68.4 |  109.8 |  15.2 |  40.3 | 0.85 |  55.1 | 良      |    1 | 1月     |
|    4 | 2025-01-05 | 天津   |    95 |    70.8 |   77.6 |  15.4 |  37.5 | 1    |  98.2 | 良      |    1 | 1月     |
|    5 | 2025-01-06 | 天津   |   184 |   138.6 |  174.8 |  15   |  29   | 0.77 |  42.8 | 中度污染   |    1 | 1月     |
|    6 | 2025-01-07 | 天津   |   103 |    51.1 |  156   |  16.8 |  30.6 | 1.02 | 111.7 | 轻度污染   |    1 | 1月     |
|    7 | 2025-01-08 | 天津   |    87 |    64.3 |  108.8 |  18.1 |  39.4 | 1.2  |  89.2 | 良      |    1 | 1月     |
|    8 | 2025-01-09 | 天津   |   102 |    76.5 |   72.2 |  16.8 |  42.4 | 0.91 | 106.1 | 轻度污染   |    1 | 1月     |
|    9 | 2025-01-10 | 天津   |   111 |    83.6 |  109.4 |  18.5 |  29.3 | 1.05 |  45.3 | 轻度污染   |    1 | 1月     |
|   10 | 2025-01-11 | 天津   |   181 |   136.4 |  157.1 |  10.4 |  30.9 | 0.45 |  78.6 | 中度污染   |    1 | 1月     |
|   11 | 2025-01-12 | 天津   |   101 |    76.1 |  103.7 |  15.6 |  37.6 | 0.78 |  73.8 | 轻度污染   |    1 | 1月     |
|   12 | 2025-01-13 | 天津   |    87 |    59.7 |  124   |  13.1 |  37.2 | 0.9  |  58.7 | 良      |    1 | 1月     |
|   13 | 2025-01-14 | 天津   |    94 |    69.8 |  132.4 |  17   |  24.8 | 0.64 |  54.1 | 良      |    1 | 1月     |
|   14 | 2025-01-15 | 天津   |    88 |    65.4 |  118.2 |  16.9 |  37.1 | 0.89 |  87.1 | 良      |    1 | 1月     |
|   15 | 2025-01-16 | 天津   |    76 |    50.1 |  101.5 |  15.6 |  31.6 | 1.06 |  89.4 | 良      |    1 | 1月     |
|   16 | 2025-01-17 | 天津   |    88 |    38.5 |  126.4 |  17.4 |  47.1 | 0.47 | 102.6 | 良      |    1 | 1月     |
|   17 | 2025-01-18 | 天津   |    66 |    47.9 |   73.7 |  18.8 |  37.1 | 0.6  |  70.7 | 良      |    1 | 1月     |
|   18 | 2025-01-19 | 天津   |   139 |   106.2 |  135.9 |  15.5 |  38.1 | 0.87 |  77.9 | 轻度污染   |    1 | 1月     |
|   19 | 2025-01-20 | 天津   |    98 |    73.2 |   90.9 |  12.5 |  38.1 | 0.92 |  56.1 | 良      |    1 | 1月     |
|   20 | 2025-01-21 | 天津   |   108 |    81.8 |  102   |  10.8 |  26.3 | 0.97 | 109.3 | 轻度污染   |    1 | 1月     |
|   21 | 2025-01-22 | 天津   |    81 |    51.8 |  112.5 |  15.6 |  48.2 | 0.84 |  83.5 | 良      |    1 | 1月     |
|   22 | 2025-01-23 | 天津   |    74 |    53.9 |   98   |  16.2 |  23   | 0.91 |  95.8 | 良      |    1 | 1月     |
|   23 | 2025-01-24 | 天津   |    85 |    62.7 |   83.6 |  12.5 |  39.7 | 0.99 |  97   | 良      |    1 | 1月     |
|   24 | 2025-01-25 | 天津   |    85 |    60.6 |  120.9 |  17.5 |  38.3 | 0.72 | 110.3 | 良      |    1 | 1月     |
|   25 | 2025-01-26 | 天津   |   101 |    75.6 |   96.4 |  13.9 |  30.4 | 0.68 |  69.6 | 轻度污染   |    1 | 1月     |
|   26 | 2025-01-27 | 天津   |   177 |   133.7 |  134   |  10.2 |  38.2 | 0.77 |  97.7 | 中度污染   |    1 | 1月     |
|   27 | 2025-01-28 | 天津   |    96 |    72.1 |  111.5 |  18.9 |  31.1 | 0.83 |  85.3 | 良      |    1 | 1月     |
|   28 | 2025-01-29 | 天津   |    80 |    58.6 |  101   |  18.5 |  28.4 | 0.66 | 124.3 | 良      |    1 | 1月     |
|   29 | 2025-01-30 | 天津   |    87 |    64.8 |  100.8 |   8.9 |  36.2 | 0.71 |  71.9 | 良      |    1 | 1月     |
|   30 | 2025-01-31 | 天津   |    85 |    58.1 |  120.2 |  13.2 |  25.7 | 0.86 | 108.6 | 良      |    1 | 1月     |
|   31 | 2025-02-01 | 天津   |    76 |    48.4 |  102.3 |  13   |  31   | 0.81 |  94.4 | 良      |    2 | 2月     |
|   32 | 2025-02-02 | 天津   |   103 |    77.2 |  116.3 |  19.7 |  28.2 | 0.74 |  94   | 轻度污染   |    2 | 2月     |
|   33 | 2025-02-03 | 天津   |   104 |    77.9 |  109.6 |  14.4 |  29.8 | 0.42 |  90.2 | 轻度污染   |    2 | 2月     |
|   34 | 2025-02-04 | 天津   |    94 |    43.7 |  138.8 |  10.2 |  35   | 0.76 | 114.1 | 良      |    2 | 2月     |
|   35 | 2025-02-05 | 天津   |    78 |    57.7 |  106.3 |  17.2 |  27.6 | 0.57 |  95.1 | 良      |    2 | 2月     |
|   36 | 2025-02-06 | 天津   |    95 |    71.1 |  110.6 |  10.8 |  30.2 | 0.95 |  63.5 | 良      |    2 | 2月     |
|   37 | 2025-02-07 | 天津   |    85 |    39.5 |  119.6 |  13.7 |  27.9 | 0.69 | 113.4 | 良      |    2 | 2月     |
|   38 | 2025-02-08 | 天津   |    94 |    70.3 |   98.5 |  12.1 |  41.3 | 0.55 | 110.7 | 良      |    2 | 2月     |
|   39 | 2025-02-09 | 天津   |    89 |    65.8 |   84.2 |  12.6 |  33.4 | 0.73 | 103.2 | 良      |    2 | 2月     |
|   40 | 2025-02-10 | 天津   |   145 |   111.4 |  144.9 |  17.1 |  32.3 | 1    |  72.8 | 轻度污染   |    2 | 2月     |
|   41 | 2025-02-11 | 天津   |    79 |    58.1 |   87.1 |  18.8 |  35.4 | 0.86 |  76.2 | 良      |    2 | 2月     |
|   42 | 2025-02-12 | 天津   |    64 |    27.2 |   77.1 |  10.3 |  26.3 | 0.78 |  60.4 | 良      |    2 | 2月     |
|   43 | 2025-02-13 | 天津   |   112 |    84.3 |  102.2 |  16   |  36.3 | 0.47 | 103   | 轻度污染   |    2 | 2月     |
|   44 | 2025-02-14 | 天津   |    70 |    51.1 |   83   |  11.8 |  32.5 | 1.05 |  71   | 良      |    2 | 2月     |
|   45 | 2025-02-15 | 天津   |    93 |    69.3 |   99.2 |  11.9 |  19   | 0.6  |  64.9 | 良      |    2 | 2月     |
|   46 | 2025-02-16 | 天津   |    84 |    62.5 |   91.9 |  15.4 |  19.7 | 0.91 | 119.3 | 良      |    2 | 2月     |
|   47 | 2025-02-17 | 天津   |    99 |    73.9 |   94   |  10.8 |  25.5 | 0.65 | 110.7 | 良      |    2 | 2月     |
|   48 | 2025-02-18 | 天津   |    78 |    52.6 |  105.7 |  15.2 |  20.1 | 0.88 |  91.3 | 良      |    2 | 2月     |
|   49 | 2025-02-19 | 天津   |   193 |   144.9 |  109.9 |  15.9 |  27.5 | 0.97 |  95.4 | 中度污染   |    2 | 2月     |
|   50 | 2025-02-20 | 天津   |    93 |    69.5 |  106.8 |  12.4 |  21.9 | 0.83 |  55   | 良      |    2 | 2月     |
|   51 | 2025-02-21 | 天津   |    95 |    70.7 |  125.1 |  17.6 |  28.2 | 0.85 | 115.3 | 良      |    2 | 2月     |
|   52 | 2025-02-22 | 天津   |   101 |    76   |  100.4 |   9.7 |  38.6 | 0.68 |  86.8 | 轻度污染   |    2 | 2月     |
|   53 | 2025-02-23 | 天津   |    76 |    55.7 |   77.7 |  17.5 |  28.2 | 0.61 | 105.7 | 良      |    2 | 2月     |
|   54 | 2025-02-24 | 天津   |    68 |    49.6 |   80.8 |   7.6 |  26.3 | 0.72 |  55.4 | 良      |    2 | 2月     |
|   55 | 2025-02-25 | 天津   |   104 |    77.9 |   87.9 |  21.5 |  30.9 | 0.62 | 118.3 | 轻度污染   |    2 | 2月     |
|   56 | 2025-02-26 | 天津   |    65 |    26.5 |   80.7 |  12.1 |  23.2 | 1.18 |  87.6 | 良      |    2 | 2月     |
|   57 | 2025-02-27 | 天津   |    95 |    71   |   72.5 |   9.8 |  33.8 | 0.48 |  76.8 | 良      |    2 | 2月     |
|   58 | 2025-02-28 | 天津   |    73 |    46.6 |   95.2 |  12.6 |  31.2 | 0.88 |  95.9 | 良      |    2 | 2月     |
|   59 | 2025-03-01 | 天津   |    57 |    37   |   65   |   4.1 |  27.9 | 0.78 |  91.7 | 良      |    3 | 3月     |
|   60 | 2025-03-02 | 天津   |    84 |    52.8 |  118.6 |   8.3 |  28.5 | 0.72 | 122.2 | 良      |    3 | 3月     |
|   61 | 2025-03-03 | 天津   |   107 |    64.6 |  163.8 |  11.2 |  41.6 | 0.97 |  95.8 | 轻度污染   |    3 | 3月     |
|   62 | 2025-03-04 | 天津   |    79 |    58.2 |  100   |   4.1 |  33.8 | 0.73 | 128.3 | 良      |    3 | 3月     |
|   63 | 2025-03-05 | 天津   |    83 |    55.1 |  115.8 |   8.8 |  42.4 | 0.54 | 110.1 | 良      |    3 | 3月     |
|   64 | 2025-03-06 | 天津   |    89 |    56.8 |  128.7 |   3   |  30.6 | 0.72 | 120.6 | 良      |    3 | 3月     |
|   65 | 2025-03-07 | 天津   |    91 |    60.8 |  131.7 |  10   |  16.5 | 0.62 | 104.9 | 良      |    3 | 3月     |
|   66 | 2025-03-08 | 天津   |    93 |    30.4 |  135.2 |   8.1 |  24.8 | 0.76 | 128.2 | 良      |    3 | 3月     |
|   67 | 2025-03-09 | 天津   |    90 |    37.7 |  129.3 |  10.1 |  14.6 | 0.81 |  84.9 | 良      |    3 | 3月     |
|   68 | 2025-03-10 | 天津   |    78 |    48.8 |  105.6 |   6.4 |  30.1 | 0.48 | 108.1 | 良      |    3 | 3月     |
|   69 | 2025-03-11 | 天津   |   101 |    49.3 |  151.1 |   5.4 |  31.5 | 0.89 |  99.3 | 轻度污染   |    3 | 3月     |
|   70 | 2025-03-12 | 天津   |    87 |    57.2 |  124.4 |   9.2 |  19.9 | 0.59 | 131.9 | 良      |    3 | 3月     |
|   71 | 2025-03-13 | 天津   |    87 |    63.6 |  124.4 |   3   |  21.4 | 0.73 | 134.1 | 良      |    3 | 3月     |
|   72 | 2025-03-14 | 天津   |    84 |    62.6 |  116.1 |   3   |  27   | 0.76 | 107.4 | 良      |    3 | 3月     |
|   73 | 2025-03-15 | 天津   |   115 |    55   |  180.6 |   6.6 |  17.4 | 0.71 |  84.5 | 轻度污染   |    3 | 3月     |
|   74 | 2025-03-16 | 天津   |   104 |    78.6 |  125   |   5.4 |  16.8 | 0.61 | 115.7 | 轻度污染   |    3 | 3月     |
|   75 | 2025-03-17 | 天津   |    72 |    52.6 |   89.1 |   8.2 |  34.3 | 0.54 |  78.4 | 良      |    3 | 3月     |
|   76 | 2025-03-18 | 天津   |    89 |    53.3 |  128.5 |   9.8 |  26.3 | 0.58 | 137.9 | 良      |    3 | 3月     |
|   77 | 2025-03-19 | 天津   |   100 |    74.9 |  131.7 |   8.1 |  21.5 | 0.94 | 100.4 | 良      |    3 | 3月     |
|   78 | 2025-03-20 | 天津   |    83 |    61.3 |  117   |   9.5 |  13.5 | 0.45 | 108.7 | 良      |    3 | 3月     |
|   79 | 2025-03-21 | 天津   |   114 |    86.4 |   94.3 |   7.4 |  31.2 | 0.48 |  97.2 | 轻度污染   |    3 | 3月     |
|   80 | 2025-03-22 | 天津   |    71 |    51.7 |   88.2 |   7.9 |  20.3 | 0.47 |  93.5 | 良      |    3 | 3月     |
|   81 | 2025-03-23 | 天津   |    88 |    61.3 |  126.3 |   6   |  38.1 | 0.65 | 123.3 | 良      |    3 | 3月     |
|   82 | 2025-03-24 | 天津   |    90 |    32.8 |  130.3 |   7.7 |  31   | 0.31 | 107.4 | 良      |    3 | 3月     |
|   83 | 2025-03-25 | 天津   |    81 |    60   |  108.1 |   6.8 |  19.2 | 0.35 | 111.2 | 良      |    3 | 3月     |
|   84 | 2025-03-26 | 天津   |    97 |    57.8 |  144.3 |   7.2 |  19.8 | 0.56 |  92.6 | 良      |    3 | 3月     |
|   85 | 2025-03-27 | 天津   |    84 |    30.1 |  118.1 |   5.7 |  36.8 | 0.36 | 126.3 | 良      |    3 | 3月     |
|   86 | 2025-03-28 | 天津   |    87 |    58.1 |  123.2 |   8.6 |  24.1 | 0.37 | 128.3 | 良      |    3 | 3月     |
|   87 | 2025-03-29 | 天津   |    69 |    35.1 |   88.4 |   4.1 |  21   | 0.36 | 107.5 | 良      |    3 | 3月     |
|   88 | 2025-03-30 | 天津   |    79 |    23.3 |   93.6 |   6.1 |  24.7 | 0.44 | 134.3 | 良      |    3 | 3月     |
|   89 | 2025-03-31 | 天津   |    87 |    64.6 |   94   |  10.1 |  20.8 | 0.76 | 109.8 | 良      |    3 | 3月     |
|   90 | 2025-04-01 | 天津   |    82 |    61   |   94.7 |   3.3 |  26.1 | 0.8  | 125.8 | 良      |    4 | 4月     |
|   91 | 2025-04-02 | 天津   |    86 |    58.2 |  122.2 |   3   |  23.8 | 0.99 |  82.7 | 良      |    4 | 4月     |
|   92 | 2025-04-03 | 天津   |    87 |    57.1 |  124   |   7.2 |  30.4 | 0.98 | 118.5 | 良      |    4 | 4月     |
|   93 | 2025-04-04 | 天津   |    80 |    57.2 |  109.7 |   5.3 |  21.5 | 0.76 | 107.3 | 良      |    4 | 4月     |
|   94 | 2025-04-05 | 天津   |    93 |    61.4 |  136.9 |   9.1 |  18   | 0.81 | 115.1 | 良      |    4 | 4月     |
|   95 | 2025-04-06 | 天津   |    83 |    54.2 |  115.9 |   5.7 |  21.7 | 0.63 | 114.4 | 良      |    4 | 4月     |
|   96 | 2025-04-07 | 天津   |    97 |    46.6 |  144.9 |   4.2 |  21.7 | 0.71 | 114.8 | 良      |    4 | 4月     |
|   97 | 2025-04-08 | 天津   |    74 |    54   |   71   |   5.8 |  23.6 | 0.99 | 123.7 | 良      |    4 | 4月     |
|   98 | 2025-04-09 | 天津   |   117 |    59.8 |  184.8 |   9.3 |  28.5 | 0.68 | 102.6 | 轻度污染   |    4 | 4月     |
|   99 | 2025-04-10 | 天津   |    69 |    36.5 |   72.7 |   7.7 |  28.1 | 0.83 | 123   | 良      |    4 | 4月     |
|  100 | 2025-04-11 | 天津   |    88 |    65.5 |  110   |   3   |  32.4 | 0.41 | 135   | 良      |    4 | 4月     |
|  101 | 2025-04-12 | 天津   |    87 |    44.8 |  123.1 |   6.6 |  18.4 | 0.47 |  87.5 | 良      |    4 | 4月     |
|  102 | 2025-04-13 | 天津   |    87 |    64.8 |  111.9 |   6.7 |  26.7 | 0.66 |  98.9 | 良      |    4 | 4月     |
|  103 | 2025-04-14 | 天津   |    85 |    62.8 |  112   |   5.9 |  29.1 | 0.63 |  99.7 | 良      |    4 | 4月     |
|  104 | 2025-04-15 | 天津   |    88 |    27.6 |  126.2 |   4.2 |  19.3 | 0.48 |  93.3 | 良      |    4 | 4月     |
|  105 | 2025-04-16 | 天津   |    72 |    30.8 |   93.2 |   9.6 |  22.5 | 1.08 | 104.5 | 良      |    4 | 4月     |
|  106 | 2025-04-17 | 天津   |    85 |    38.3 |  119.8 |   9.7 |  12   | 0.63 | 131.6 | 良      |    4 | 4月     |
|  107 | 2025-04-18 | 天津   |    83 |    58.3 |   98.7 |   3   |  30.4 | 0.51 | 139   | 良      |    4 | 4月     |
|  108 | 2025-04-19 | 天津   |    83 |    44.2 |  117   |   3.6 |  22.5 | 0.63 | 114.9 | 良      |    4 | 4月     |
|  109 | 2025-04-20 | 天津   |    64 |    46.1 |   77.5 |   5.6 |  29.7 | 0.61 | 107.1 | 良      |    4 | 4月     |
|  110 | 2025-04-21 | 天津   |    89 |    60.7 |  128.5 |   8.9 |  25.5 | 0.64 | 127.3 | 良      |    4 | 4月     |
|  111 | 2025-04-22 | 天津   |    66 |    48   |   81.5 |   6.1 |  22.8 | 0.3  |  70.3 | 良      |    4 | 4月     |
|  112 | 2025-04-23 | 天津   |    92 |    57.2 |  133.9 |   4   |  12.9 | 0.86 |  93.8 | 良      |    4 | 4月     |
|  113 | 2025-04-24 | 天津   |    84 |    25.3 |  118.1 |   8.2 |  14.2 | 0.87 |  70.9 | 良      |    4 | 4月     |
|  114 | 2025-04-25 | 天津   |    71 |    45.6 |   91.6 |   5.4 |  12   | 0.9  |  93.4 | 良      |    4 | 4月     |
|  115 | 2025-04-26 | 天津   |    92 |    49   |  134.2 |   5.7 |  20.2 | 0.67 |  98.7 | 良      |    4 | 4月     |
|  116 | 2025-04-27 | 天津   |    97 |    72.6 |   78.3 |   6   |  40.2 | 0.74 | 139   | 良      |    4 | 4月     |
|  117 | 2025-04-28 | 天津   |   108 |    81.4 |  109.2 |   7.8 |  15.2 | 0.43 |  62.6 | 轻度污染   |    4 | 4月     |
|  118 | 2025-04-29 | 天津   |    87 |    42.8 |  123.5 |   5.2 |  12   | 0.77 | 104.7 | 良      |    4 | 4月     |
|  119 | 2025-04-30 | 天津   |    75 |    49.8 |  100.6 |   8.2 |  31.1 | 0.66 | 123.2 | 良      |    4 | 4月     |
|  120 | 2025-05-01 | 天津   |    91 |    51.3 |   88.1 |   5.9 |  40.9 | 0.52 | 149.3 | 良      |    5 | 5月     |
|  121 | 2025-05-02 | 天津   |   107 |    76.3 |  124.6 |   3   |  26.5 | 0.78 | 168   | 轻度污染   |    5 | 5月     |
|  122 | 2025-05-03 | 天津   |    92 |    55.5 |  134.6 |   6.1 |  26.5 | 0.79 | 144.5 | 良      |    5 | 5月     |
|  123 | 2025-05-04 | 天津   |   107 |    80.9 |  153.1 |   3.1 |  22.4 | 0.62 | 148.1 | 轻度污染   |    5 | 5月     |
|  124 | 2025-05-05 | 天津   |    99 |    60.8 |  148.2 |   6.3 |  12.1 | 0.7  | 108.1 | 良      |    5 | 5月     |
|  125 | 2025-05-06 | 天津   |    83 |    54.6 |  116.4 |   8.7 |  14.5 | 0.41 | 123.2 | 良      |    5 | 5月     |
|  126 | 2025-05-07 | 天津   |    87 |    64.9 |  121.6 |   3   |  22.5 | 0.86 | 108.7 | 良      |    5 | 5月     |
|  127 | 2025-05-08 | 天津   |    92 |    42.1 |  105.6 |   7.4 |  21.3 | 0.44 | 150.9 | 良      |    5 | 5月     |
|  128 | 2025-05-09 | 天津   |    89 |    37.1 |  119.2 |   3.8 |  24.1 | 0.48 | 146.6 | 良      |    5 | 5月     |
|  129 | 2025-05-10 | 天津   |    88 |    52.4 |   99.8 |   6.9 |  30.8 | 0.63 | 145.8 | 良      |    5 | 5月     |
|  130 | 2025-05-11 | 天津   |    96 |    72.2 |  107.1 |   8.9 |  21   | 0.85 | 124   | 良      |    5 | 5月     |
|  131 | 2025-05-12 | 天津   |    94 |    54.7 |  138.3 |   3   |  31.1 | 0.85 | 122.1 | 良      |    5 | 5月     |
|  132 | 2025-05-13 | 天津   |    86 |    49.9 |  114.7 |   3.1 |  21.2 | 0.63 | 143.1 | 良      |    5 | 5月     |
|  133 | 2025-05-14 | 天津   |    93 |    50.9 |  135.6 |   5.3 |  32.6 | 0.78 | 127   | 良      |    5 | 5月     |
|  134 | 2025-05-15 | 天津   |    85 |    25.9 |  120.1 |   7.4 |  26   | 0.3  | 120.4 | 良      |    5 | 5月     |
|  135 | 2025-05-16 | 天津   |    88 |    65   |  106.3 |   6   |  22.5 | 0.49 | 129.4 | 良      |    5 | 5月     |
|  136 | 2025-05-17 | 天津   |    74 |    54.5 |   85.8 |   6.4 |  26.1 | 0.49 | 126.3 | 良      |    5 | 5月     |
|  137 | 2025-05-18 | 天津   |   105 |    61.7 |  160.3 |  12.7 |  23.7 | 0.89 | 122.3 | 轻度污染   |    5 | 5月     |
|  138 | 2025-05-19 | 天津   |    85 |    53.2 |  119.6 |   3   |  26.6 | 0.77 | 115.5 | 良      |    5 | 5月     |
|  139 | 2025-05-20 | 天津   |    88 |    36.3 |  109.3 |  10.1 |  31.3 | 0.68 | 145.3 | 良      |    5 | 5月     |
|  140 | 2025-05-21 | 天津   |   104 |    39.3 |  121.3 |   5.6 |  25.5 | 0.7  | 164.9 | 轻度污染   |    5 | 5月     |
|  141 | 2025-05-22 | 天津   |    85 |    59.1 |  120.6 |   8.4 |  23.6 | 0.96 | 135.9 | 良      |    5 | 5月     |
|  142 | 2025-05-23 | 天津   |    98 |    58.9 |  145.5 |  13.2 |  18.5 | 0.61 | 140.2 | 良      |    5 | 5月     |
|  143 | 2025-05-24 | 天津   |    99 |    61.6 |  148.3 |   8.9 |  30.5 | 0.39 | 145.5 | 良      |    5 | 5月     |
|  144 | 2025-05-25 | 天津   |   100 |    56   |  150.6 |   8   |  29   | 0.87 | 142.1 | 良      |    5 | 5月     |
|  145 | 2025-05-26 | 天津   |    99 |    74.6 |  131   |  11.7 |  18.4 | 0.69 | 119.9 | 良      |    5 | 5月     |
|  146 | 2025-05-27 | 天津   |   105 |    52.9 |   98.3 |  10.3 |  32.7 | 0.85 | 165.7 | 轻度污染   |    5 | 5月     |
|  147 | 2025-05-28 | 天津   |    76 |    36.4 |  102.4 |   4.6 |  18.6 | 0.65 | 120.7 | 良      |    5 | 5月     |
|  148 | 2025-05-29 | 天津   |   104 |    42.3 |  158.2 |   7.9 |  34.3 | 0.5  | 145.6 | 轻度污染   |    5 | 5月     |
|  149 | 2025-05-30 | 天津   |    96 |    58.7 |  141.1 |   3   |  32.1 | 0.75 | 143.1 | 良      |    5 | 5月     |
|  150 | 2025-05-31 | 天津   |   104 |    57.2 |  158.8 |   5.5 |  30.3 | 0.67 |  97.9 | 轻度污染   |    5 | 5月     |
|  151 | 2025-06-01 | 天津   |    81 |    19.6 |  111.6 |   8.1 |  24.9 | 0.71 | 126.2 | 良      |    6 | 6月     |
|  152 | 2025-06-02 | 天津   |    78 |    35.6 |   65.4 |   5.4 |  31.7 | 1    | 133.3 | 良      |    6 | 6月     |
|  153 | 2025-06-03 | 天津   |    81 |    36.3 |  112.9 |   8.1 |  35.4 | 0.46 | 134.2 | 良      |    6 | 6月     |
|  154 | 2025-06-04 | 天津   |    81 |    24.1 |   93.4 |   7.3 |  32.1 | 0.74 | 136.8 | 良      |    6 | 6月     |
|  155 | 2025-06-05 | 天津   |    87 |    43.3 |   68.2 |   9   |  23.4 | 0.52 | 144.6 | 良      |    6 | 6月     |
|  156 | 2025-06-06 | 天津   |    75 |    46.5 |  100.4 |   6.2 |  30.2 | 0.3  | 130.3 | 良      |    6 | 6月     |
|  157 | 2025-06-07 | 天津   |   100 |    34.2 |  104.4 |   4.7 |  36.4 | 0.68 | 160.1 | 良      |    6 | 6月     |
|  158 | 2025-06-08 | 天津   |    84 |    62.5 |   61.7 |  12   |  44   | 0.7  | 128.7 | 良      |    6 | 6月     |
|  159 | 2025-06-09 | 天津   |    94 |    34.2 |  105.8 |   6.1 |  27.3 | 0.82 | 152.8 | 良      |    6 | 6月     |
|  160 | 2025-06-10 | 天津   |    74 |    32.8 |   92.9 |   9.6 |  35   | 0.66 | 129.2 | 良      |    6 | 6月     |
|  161 | 2025-06-11 | 天津   |    85 |    32.6 |  119   |  12   |  37.1 | 0.41 | 141.6 | 良      |    6 | 6月     |
|  162 | 2025-06-12 | 天津   |    90 |    28.6 |   63.4 |   8.2 |  23.6 | 0.55 | 147.5 | 良      |    6 | 6月     |
|  163 | 2025-06-13 | 天津   |    81 |    31.8 |   65.1 |   5.3 |  41.9 | 0.98 | 136.8 | 良      |    6 | 6月     |
|  164 | 2025-06-14 | 天津   |    92 |    21.5 |   31.9 |   7.3 |  22.2 | 0.55 | 150.6 | 良      |    6 | 6月     |
|  165 | 2025-06-15 | 天津   |    78 |    36.5 |   84.1 |  11   |  35.5 | 1.04 | 133.6 | 良      |    6 | 6月     |
|  166 | 2025-06-16 | 天津   |    84 |    39.7 |   80.5 |   8.6 |  32.1 | 0.93 | 141.1 | 良      |    6 | 6月     |
|  167 | 2025-06-17 | 天津   |    85 |    11.7 |   62   |   4.4 |  30.6 | 0.66 | 141.9 | 良      |    6 | 6月     |
|  168 | 2025-06-18 | 天津   |    67 |    38.1 |   71.9 |   9.9 |  48.2 | 0.59 | 120.5 | 良      |    6 | 6月     |
|  169 | 2025-06-19 | 天津   |    81 |    39.9 |   47.6 |  10.5 |  28.4 | 0.95 | 137   | 良      |    6 | 6月     |
|  170 | 2025-06-20 | 天津   |    74 |    45.8 |   98   |   7.2 |  28.5 | 0.69 | 106.5 | 良      |    6 | 6月     |
|  171 | 2025-06-21 | 天津   |   109 |    54.2 |   64.6 |  10.1 |  40.2 | 0.43 | 170.1 | 轻度污染   |    6 | 6月     |
|  172 | 2025-06-22 | 天津   |    93 |    50.1 |  136.5 |   9.1 |  36.4 | 0.86 | 132.7 | 良      |    6 | 6月     |
|  173 | 2025-06-23 | 天津   |    84 |    32.6 |   71.4 |   7.8 |  40.3 | 0.84 | 140.7 | 良      |    6 | 6月     |
|  174 | 2025-06-24 | 天津   |    80 |    31.4 |   60   |   4.6 |  32.3 | 0.98 | 136   | 良      |    6 | 6月     |
|  175 | 2025-06-25 | 天津   |   114 |    47.3 |   67.2 |  11.8 |  33.9 | 0.83 | 175.2 | 轻度污染   |    6 | 6月     |
|  176 | 2025-06-26 | 天津   |    65 |    34   |   47.5 |  10.9 |  45.2 | 0.65 | 118.3 | 良      |    6 | 6月     |
|  177 | 2025-06-27 | 天津   |    98 |    26   |   85.7 |  10.4 |  26.2 | 1.02 | 157.3 | 良      |    6 | 6月     |
|  178 | 2025-06-28 | 天津   |    93 |    69.4 |   68   |  13.4 |  31.5 | 1.05 | 114   | 良      |    6 | 6月     |
|  179 | 2025-06-29 | 天津   |    75 |    37.3 |   99.3 |  11.6 |  38   | 0.82 | 123.2 | 良      |    6 | 6月     |
|  180 | 2025-06-30 | 天津   |    61 |    33.7 |   71.5 |  10.9 |  31.3 | 0.79 |  85.3 | 良      |    6 | 6月     |
|  181 | 2025-07-01 | 天津   |    84 |    15.1 |  104.9 |   3   |  28.8 | 0.52 | 141.2 | 良      |    7 | 7月     |
|  182 | 2025-07-02 | 天津   |    71 |    51.7 |   92.7 |  12.6 |  37.4 | 0.67 | 117.4 | 良      |    7 | 7月     |
|  183 | 2025-07-03 | 天津   |    87 |    29.8 |   78.4 |   9.3 |  42.6 | 0.94 | 143.9 | 良      |    7 | 7月     |
|  184 | 2025-07-04 | 天津   |    80 |    42.2 |  109.8 |  10.1 |  32.5 | 0.69 |  69.9 | 良      |    7 | 7月     |
|  185 | 2025-07-05 | 天津   |    90 |    53.7 |   97.5 |  10.2 |  32.5 | 0.51 | 148.3 | 良      |    7 | 7月     |
|  186 | 2025-07-06 | 天津   |    94 |    30.5 |  137.7 |  11.6 |  29.3 | 1.5  | 110.7 | 良      |    7 | 7月     |
|  187 | 2025-07-07 | 天津   |    60 |    43.3 |   70.9 |  12.7 |  32   | 0.52 |  97.6 | 良      |    7 | 7月     |
|  188 | 2025-07-08 | 天津   |    82 |    60.8 |   80.9 |  11.3 |  41.8 | 1.26 | 101   | 良      |    7 | 7月     |
|  189 | 2025-07-09 | 天津   |    81 |    13.2 |  111.1 |  10.9 |  35   | 0.76 | 112   | 良      |    7 | 7月     |
|  190 | 2025-07-10 | 天津   |    51 |    33.2 |   49.1 |  10.2 |  29   | 0.81 | 101.3 | 良      |    7 | 7月     |
|  191 | 2025-07-11 | 天津   |   108 |    32.2 |  106.6 |   3   |  36.7 | 0.69 | 168.3 | 轻度污染   |    7 | 7月     |
|  192 | 2025-07-12 | 天津   |    70 |    41   |   89.4 |   8.8 |  42.4 | 0.99 |  97.2 | 良      |    7 | 7月     |
|  193 | 2025-07-13 | 天津   |    61 |    42.8 |   63.2 |   6.9 |  31.3 | 0.55 | 112.9 | 良      |    7 | 7月     |
|  194 | 2025-07-14 | 天津   |    76 |    30.8 |   54   |  13.5 |  26.2 | 0.47 | 130.7 | 良      |    7 | 7月     |
|  195 | 2025-07-15 | 天津   |    59 |    35.9 |   68.1 |  11.8 |  51   | 1.17 | 108.2 | 良      |    7 | 7月     |
|  196 | 2025-07-16 | 天津   |    62 |    34.6 |   36.1 |   8.6 |  26.2 | 0.69 | 114.7 | 良      |    7 | 7月     |
|  197 | 2025-07-17 | 天津   |    90 |    39.9 |   72.4 |   9   |  33.6 | 1    | 148.4 | 良      |    7 | 7月     |
|  198 | 2025-07-18 | 天津   |    76 |    46.9 |   94.9 |   8.9 |  37.9 | 0.64 | 130.8 | 良      |    7 | 7月     |
|  199 | 2025-07-19 | 天津   |    75 |    55.4 |   73.2 |   8.9 |  34.6 | 1    | 105.3 | 良      |    7 | 7月     |
|  200 | 2025-07-20 | 天津   |    80 |    57.3 |  110.9 |   5.9 |  36.2 | 1.2  |  95.6 | 良      |    7 | 7月     |
|  201 | 2025-07-21 | 天津   |    83 |    52.6 |  116.6 |   5.3 |  41   | 0.76 | 108   | 良      |    7 | 7月     |
|  202 | 2025-07-22 | 天津   |    80 |    34.5 |  109.2 |  10.5 |  20.4 | 0.49 |  99.6 | 良      |    7 | 7月     |
|  203 | 2025-07-23 | 天津   |    77 |    45.1 |   88.6 |  13.7 |  28.5 | 1.22 | 131.9 | 良      |    7 | 7月     |
|  204 | 2025-07-24 | 天津   |    99 |    73.8 |   37.8 |   8.9 |  37.9 | 1.07 | 158.7 | 良      |    7 | 7月     |
|  205 | 2025-07-25 | 天津   |    78 |    57.6 |   70.6 |  11.5 |  34.9 | 0.79 |  76.7 | 良      |    7 | 7月     |
|  206 | 2025-07-26 | 天津   |    66 |    40.3 |   82.1 |  12.9 |  38.9 | 0.85 |  77.2 | 良      |    7 | 7月     |
|  207 | 2025-07-27 | 天津   |    87 |    64.8 |   67.4 |   7.7 |  39.8 | 0.67 |  99.4 | 良      |    7 | 7月     |
|  208 | 2025-07-28 | 天津   |    66 |    41.3 |   82.8 |  10.7 |  23.5 | 1.18 |  94   | 良      |    7 | 7月     |
|  209 | 2025-07-29 | 天津   |    84 |    38.1 |  118   |   8.9 |  47.5 | 0.8  | 132.9 | 良      |    7 | 7月     |
|  210 | 2025-07-30 | 天津   |    85 |    63.1 |   53.2 |  15.7 |  35.3 | 0.62 | 111.7 | 良      |    7 | 7月     |
|  211 | 2025-07-31 | 天津   |    86 |    30.8 |  122.7 |  15.7 |  32.9 | 0.95 | 105   | 良      |    7 | 7月     |
|  212 | 2025-08-01 | 天津   |    77 |    23.7 |  104.4 |   8.1 |  40.6 | 0.74 | 104.3 | 良      |    8 | 8月     |
|  213 | 2025-08-02 | 天津   |    79 |    58.1 |   92.4 |  12.3 |  40.1 | 0.71 | 124.2 | 良      |    8 | 8月     |
|  214 | 2025-08-03 | 天津   |    65 |    47.3 |   73.1 |  14.4 |  47.9 | 0.84 |  72.6 | 良      |    8 | 8月     |
|  215 | 2025-08-04 | 天津   |    67 |    48.7 |   70.2 |  13.8 |  41.7 | 0.95 |  98.9 | 良      |    8 | 8月     |
|  216 | 2025-08-05 | 天津   |    60 |    43   |   55.4 |  11.6 |  48.1 | 0.66 |  86   | 良      |    8 | 8月     |
|  217 | 2025-08-06 | 天津   |    86 |    44.6 |  122.6 |  15.3 |  33.6 | 1.21 | 121.7 | 良      |    8 | 8月     |
|  218 | 2025-08-07 | 天津   |    85 |    42.1 |  119.3 |   8.7 |  41.3 | 1.08 |  55.6 | 良      |    8 | 8月     |
|  219 | 2025-08-08 | 天津   |    57 |    40.3 |   60.7 |  10.6 |  32.7 | 0.87 |  95.5 | 良      |    8 | 8月     |
|  220 | 2025-08-09 | 天津   |    64 |    43.4 |   78   |   8.9 |  41.4 | 0.77 |  99.7 | 良      |    8 | 8月     |
|  221 | 2025-08-10 | 天津   |    74 |    43.1 |   98   |  14   |  40.1 | 0.93 | 113.9 | 良      |    8 | 8月     |
|  222 | 2025-08-11 | 天津   |    67 |    38.3 |   83.7 |  10   |  40   | 1.14 | 107   | 良      |    8 | 8月     |
|  223 | 2025-08-12 | 天津   |    69 |    41.9 |   51.6 |  11.2 |  40.2 | 1.11 | 122.7 | 良      |    8 | 8月     |
|  224 | 2025-08-13 | 天津   |    66 |    18.5 |   77.1 |  13.7 |  46.6 | 1.18 | 119.2 | 良      |    8 | 8月     |
|  225 | 2025-08-14 | 天津   |    90 |    56.9 |  129.5 |  14   |  30.4 | 0.87 | 101.8 | 良      |    8 | 8月     |
|  226 | 2025-08-15 | 天津   |    73 |    53.5 |   79   |   9.2 |  35.5 | 0.39 | 114.5 | 良      |    8 | 8月     |
|  227 | 2025-08-16 | 天津   |    69 |    48   |   87.8 |  15.2 |  41.7 | 1.22 |  70.7 | 良      |    8 | 8月     |
|  228 | 2025-08-17 | 天津   |    71 |    52   |   68.4 |  13.4 |  33.9 | 0.95 |  83.6 | 良      |    8 | 8月     |
|  229 | 2025-08-18 | 天津   |    77 |    52.6 |  103.3 |   8.9 |  42.7 | 1.12 | 100.9 | 良      |    8 | 8月     |
|  230 | 2025-08-19 | 天津   |    72 |    40.8 |   94.1 |   8.2 |  42.2 | 1.32 | 102.3 | 良      |    8 | 8月     |
|  231 | 2025-08-20 | 天津   |    64 |    43.2 |   77.2 |  12.2 |  32.9 | 1.48 | 114.9 | 良      |    8 | 8月     |
|  232 | 2025-08-21 | 天津   |    76 |    56.1 |   66.2 |  14.8 |  32.7 | 0.86 | 128.6 | 良      |    8 | 8月     |
|  233 | 2025-08-22 | 天津   |    85 |    52.4 |  120.7 |  15   |  24.7 | 1.02 | 126.7 | 良      |    8 | 8月     |
|  234 | 2025-08-23 | 天津   |    99 |    74.5 |   60.7 |  13.5 |  34.7 | 1.27 | 107.9 | 良      |    8 | 8月     |
|  235 | 2025-08-24 | 天津   |    93 |    69.6 |  103.2 |  12.6 |  43.5 | 0.83 |  72.2 | 良      |    8 | 8月     |
|  236 | 2025-08-25 | 天津   |    83 |    61.5 |   50.2 |  14.1 |  44.6 | 0.89 | 105.1 | 良      |    8 | 8月     |
|  237 | 2025-08-26 | 天津   |    79 |    41.3 |  107.7 |  10   |  45.1 | 0.89 | 115.1 | 良      |    8 | 8月     |
|  238 | 2025-08-27 | 天津   |    82 |    43.8 |  113.2 |  17.7 |  38.4 | 1.01 |  73.3 | 良      |    8 | 8月     |
|  239 | 2025-08-28 | 天津   |    83 |    38.7 |  115.9 |  17.7 |  43.9 | 0.97 | 109.3 | 良      |    8 | 8月     |
|  240 | 2025-08-29 | 天津   |    74 |    54.2 |   91   |  14   |  46.9 | 0.9  |  52.5 | 良      |    8 | 8月     |
|  241 | 2025-08-30 | 天津   |    88 |    18   |  126.2 |  13.4 |  35.4 | 0.83 |  90.7 | 良      |    8 | 8月     |
|  242 | 2025-08-31 | 天津   |    95 |    45.6 |  140.9 |  11.6 |  45.3 | 1.19 |  61.2 | 良      |    8 | 8月     |
|  243 | 2025-09-01 | 天津   |    69 |    47.5 |   88.5 |  14.5 |  49.2 | 1.3  |  99.8 | 良      |    9 | 9月     |
|  244 | 2025-09-02 | 天津   |    68 |    33   |   86.1 |  10.8 |  41.3 | 1.33 |  98   | 良      |    9 | 9月     |
|  245 | 2025-09-03 | 天津   |    82 |    61   |   98.3 |   6.3 |  52.3 | 0.94 | 119.5 | 良      |    9 | 9月     |
|  246 | 2025-09-04 | 天津   |    68 |    37.9 |   86   |   4.9 |  41.8 | 1.21 | 107.2 | 良      |    9 | 9月     |
|  247 | 2025-09-05 | 天津   |    75 |    54.9 |   83.3 |  10.7 |  39.1 | 1.09 |  78.3 | 良      |    9 | 9月     |
|  248 | 2025-09-06 | 天津   |   113 |    85.2 |   85.2 |  13.6 |  49.2 | 0.93 |  61.4 | 轻度污染   |    9 | 9月     |
|  249 | 2025-09-07 | 天津   |    90 |    32.5 |  130.5 |  14.1 |  59.7 | 1.19 |  90.7 | 良      |    9 | 9月     |
|  250 | 2025-09-08 | 天津   |    81 |    50.2 |  111.8 |  11.7 |  46.2 | 0.93 |  79   | 良      |    9 | 9月     |
|  251 | 2025-09-09 | 天津   |    68 |    47.2 |   86.9 |  13.7 |  50.1 | 0.98 | 107.7 | 良      |    9 | 9月     |
|  252 | 2025-09-10 | 天津   |    62 |    44.9 |   47.6 |  12.4 |  42.2 | 0.78 |  40.4 | 良      |    9 | 9月     |
|  253 | 2025-09-11 | 天津   |    83 |    61.4 |   66   |  10.3 |  37.2 | 0.96 | 118.5 | 良      |    9 | 9月     |
|  254 | 2025-09-12 | 天津   |    88 |    65.6 |  107.1 |  13.2 |  47.2 | 1.11 |  88.3 | 良      |    9 | 9月     |
|  255 | 2025-09-13 | 天津   |    83 |    61.7 |   54.8 |  15.8 |  48.4 | 1.38 |  63.8 | 良      |    9 | 9月     |
|  256 | 2025-09-14 | 天津   |    77 |    43.9 |  103.2 |  10.6 |  43.7 | 0.99 |  91.3 | 良      |    9 | 9月     |
|  257 | 2025-09-15 | 天津   |   109 |    81.8 |   76.2 |  10.6 |  50.8 | 0.86 | 101.1 | 轻度污染   |    9 | 9月     |
|  258 | 2025-09-16 | 天津   |    75 |    31.5 |   99.5 |  10.3 |  41.9 | 1.37 |  79.5 | 良      |    9 | 9月     |
|  259 | 2025-09-17 | 天津   |    75 |    40.4 |   99.1 |   7.7 |  40.2 | 0.97 |  45.4 | 良      |    9 | 9月     |
|  260 | 2025-09-18 | 天津   |    75 |    54.9 |  100.4 |  12.1 |  54.1 | 0.72 |  71.6 | 良      |    9 | 9月     |
|  261 | 2025-09-19 | 天津   |    74 |    54   |   90.2 |  15.7 |  54.2 | 1.1  |  95.4 | 良      |    9 | 9月     |
|  262 | 2025-09-20 | 天津   |    80 |    58.9 |   89.7 |  14.1 |  42.4 | 1.01 |  85.3 | 良      |    9 | 9月     |
|  263 | 2025-09-21 | 天津   |    96 |    72.1 |   84   |  13.1 |  59   | 1.54 |  73.3 | 良      |    9 | 9月     |
|  264 | 2025-09-22 | 天津   |    79 |    51.7 |  108.2 |  14.1 |  45   | 1.17 |  99.4 | 良      |    9 | 9月     |
|  265 | 2025-09-23 | 天津   |    82 |    54.6 |  114.7 |  12.2 |  47.7 | 1.05 |  89   | 良      |    9 | 9月     |
|  266 | 2025-09-24 | 天津   |    64 |    46.2 |   74.4 |   7.9 |  46.6 | 0.9  |  90.1 | 良      |    9 | 9月     |
|  267 | 2025-09-25 | 天津   |    82 |    60.4 |   97.8 |  16.1 |  50.9 | 1.15 |  67.8 | 良      |    9 | 9月     |
|  268 | 2025-09-26 | 天津   |    76 |    49.6 |  102.9 |  17   |  49.2 | 1.38 |  65.9 | 良      |    9 | 9月     |
|  269 | 2025-09-27 | 天津   |    76 |    49.7 |  102.7 |  11.6 |  49.2 | 1.15 |  44.2 | 良      |    9 | 9月     |
|  270 | 2025-09-28 | 天津   |    81 |    60.1 |  102.5 |  13.4 |  40.3 | 0.92 |  70   | 良      |    9 | 9月     |
|  271 | 2025-09-29 | 天津   |    89 |    66   |   91.2 |  13.1 |  35.7 | 1.2  |  91.3 | 良      |    9 | 9月     |
|  272 | 2025-09-30 | 天津   |    77 |    27.1 |  104.9 |  14.9 |  55.6 | 1.08 |  70.6 | 良      |    9 | 9月     |
|  273 | 2025-10-01 | 天津   |    81 |    58   |  111.8 |  18.9 |  43.8 | 1.18 |  52.1 | 良      |   10 | 10月    |
|  274 | 2025-10-02 | 天津   |    76 |    50.5 |  102.3 |  17.4 |  47.3 | 1.02 |  64   | 良      |   10 | 10月    |
|  275 | 2025-10-03 | 天津   |    88 |    65.1 |  109.7 |  12.8 |  50   | 1.02 |  50.6 | 良      |   10 | 10月    |
|  276 | 2025-10-04 | 天津   |    85 |    50.8 |  119.4 |  15.5 |  59.2 | 1.01 |  52.2 | 良      |   10 | 10月    |
|  277 | 2025-10-05 | 天津   |    93 |    69.4 |   62.7 |  17.7 |  48.9 | 1.28 |  19.2 | 良      |   10 | 10月    |
|  278 | 2025-10-06 | 天津   |    84 |    45.7 |  118.6 |  15.2 |  45.1 | 1.02 |  37.7 | 良      |   10 | 10月    |
|  279 | 2025-10-07 | 天津   |    78 |    27.1 |  106.6 |  13.9 |  44.2 | 1.01 |  74.5 | 良      |   10 | 10月    |
|  280 | 2025-10-08 | 天津   |    89 |    66.5 |   77.6 |  15.3 |  47.6 | 0.91 |  45.2 | 良      |   10 | 10月    |
|  281 | 2025-10-09 | 天津   |    83 |    43.8 |  115.9 |  11.9 |  41.6 | 1.19 |  77.4 | 良      |   10 | 10月    |
|  282 | 2025-10-10 | 天津   |    71 |    35   |   91.9 |  12.3 |  48.1 | 1.16 |  30.2 | 良      |   10 | 10月    |
|  283 | 2025-10-11 | 天津   |    74 |    54.2 |   94.7 |  10.8 |  47.6 | 1.01 |  47.3 | 良      |   10 | 10月    |
|  284 | 2025-10-12 | 天津   |    70 |    51.1 |   89.8 |  14.9 |  59.5 | 0.96 |  36.2 | 良      |   10 | 10月    |
|  285 | 2025-10-13 | 天津   |    86 |    63.9 |  106   |  13.6 |  47.4 | 1.47 |  53.7 | 良      |   10 | 10月    |
|  286 | 2025-10-14 | 天津   |    87 |    64.7 |   84.3 |  11.5 |  34.5 | 0.72 |  59.1 | 良      |   10 | 10月    |
|  287 | 2025-10-15 | 天津   |    84 |    55.1 |  118   |  13.5 |  66.7 | 1.2  |  53.8 | 良      |   10 | 10月    |
|  288 | 2025-10-16 | 天津   |    74 |    43.4 |   97.2 |  15.4 |  54.7 | 1.36 |  61.8 | 良      |   10 | 10月    |
|  289 | 2025-10-17 | 天津   |    78 |    57.4 |   92.7 |  19.7 |  62.6 | 0.42 |  42.8 | 良      |   10 | 10月    |
|  290 | 2025-10-18 | 天津   |    83 |    56   |  115   |  17   |  39.9 | 1.26 |  39.6 | 良      |   10 | 10月    |
|  291 | 2025-10-19 | 天津   |    82 |    60.8 |   93.6 |   7.1 |  46.4 | 1.06 |  15   | 良      |   10 | 10月    |
|  292 | 2025-10-20 | 天津   |    84 |    43.5 |  118.9 |  14.7 |  52.7 | 1.15 |  54.6 | 良      |   10 | 10月    |
|  293 | 2025-10-21 | 天津   |    85 |    49.2 |  119.5 |  18.3 |  51.7 | 1.03 |  46.2 | 良      |   10 | 10月    |
|  294 | 2025-10-22 | 天津   |    81 |    60.1 |   73.2 |  10   |  50.1 | 1.31 |  42   | 良      |   10 | 10月    |
|  295 | 2025-10-23 | 天津   |    92 |    68.9 |  122   |  15.6 |  32.5 | 1.17 |  39.8 | 良      |   10 | 10月    |
|  296 | 2025-10-24 | 天津   |    88 |    65.5 |   70.6 |  13.2 |  35.9 | 1.12 |  42.7 | 良      |   10 | 10月    |
|  297 | 2025-10-25 | 天津   |    87 |    54.9 |  123.2 |  17.4 |  58.5 | 0.92 |  39.2 | 良      |   10 | 10月    |
|  298 | 2025-10-26 | 天津   |    95 |    48   |  140.3 |  15.2 |  59.7 | 1.47 |  34   | 良      |   10 | 10月    |
|  299 | 2025-10-27 | 天津   |    84 |    58.7 |  117.2 |  11.3 |  47   | 1.1  |  48   | 良      |   10 | 10月    |
|  300 | 2025-10-28 | 天津   |    57 |    40.7 |   56.5 |  13.3 |  57.5 | 1.55 |  52.5 | 良      |   10 | 10月    |
|  301 | 2025-10-29 | 天津   |    85 |    43.9 |  120.8 |  13.5 |  40.5 | 1.48 |  30   | 良      |   10 | 10月    |
|  302 | 2025-10-30 | 天津   |    97 |    71.8 |  144.4 |  13.5 |  42.1 | 0.74 |  36.8 | 良      |   10 | 10月    |
|  303 | 2025-10-31 | 天津   |    79 |    58.5 |   93.3 |  17.2 |  39.9 | 0.96 |  40.5 | 良      |   10 | 10月    |
|  304 | 2025-11-01 | 天津   |    95 |    71   |  121.1 |  17.3 |  41.6 | 0.88 |  44.4 | 良      |   11 | 11月    |
|  305 | 2025-11-02 | 天津   |   117 |    88.2 |   97.9 |  22.8 |  52.5 | 1.08 |  42.2 | 轻度污染   |   11 | 11月    |
|  306 | 2025-11-03 | 天津   |   116 |    87.9 |  127.9 |  18.9 |  41.4 | 1.13 |  56.6 | 轻度污染   |   11 | 11月    |
|  307 | 2025-11-04 | 天津   |    98 |    64.7 |  146.9 |  20.5 |  63   | 1.13 |  15.2 | 良      |   11 | 11月    |
|  308 | 2025-11-05 | 天津   |    95 |    70.7 |  135.4 |  20   |  50.5 | 1.3  |  18.6 | 良      |   11 | 11月    |
|  309 | 2025-11-06 | 天津   |   117 |    62.6 |  184.1 |  19.7 |  54.8 | 1.38 |  48.8 | 轻度污染   |   11 | 11月    |
|  310 | 2025-11-07 | 天津   |   213 |   163.1 |  157.5 |  19.7 |  50.6 | 1.28 |  34.7 | 重度污染   |   11 | 11月    |
|  311 | 2025-11-08 | 天津   |   208 |   158.2 |  124.4 |  24.1 |  55.6 | 0.97 |  61.7 | 重度污染   |   11 | 11月    |
|  312 | 2025-11-09 | 天津   |   109 |    82.6 |  124.4 |  22.2 |  40.9 | 0.92 |  67.1 | 轻度污染   |   11 | 11月    |
|  313 | 2025-11-10 | 天津   |   118 |    89.7 |   72.5 |  18.5 |  57   | 1.08 |  50.5 | 轻度污染   |   11 | 11月    |
|  314 | 2025-11-11 | 天津   |    80 |    56.4 |  110   |  24.3 |  47.8 | 1.16 |  27.2 | 良      |   11 | 11月    |
|  315 | 2025-11-12 | 天津   |   103 |    77.5 |  153   |  20.4 |  55.2 | 1.04 |  65.8 | 轻度污染   |   11 | 11月    |
|  316 | 2025-11-13 | 天津   |    88 |    57.8 |  126.9 |  20.6 |  36.5 | 0.8  |  50.6 | 良      |   11 | 11月    |
|  317 | 2025-11-14 | 天津   |    87 |    61.3 |  123.9 |  17   |  47.8 | 1.21 |  20.6 | 良      |   11 | 11月    |
|  318 | 2025-11-15 | 天津   |   103 |    69.2 |  156.5 |  18   |  47.4 | 0.99 |  22.5 | 轻度污染   |   11 | 11月    |
|  319 | 2025-11-16 | 天津   |   104 |    78.2 |  114.5 |  17.4 |  42   | 0.98 |  75.2 | 轻度污染   |   11 | 11月    |
|  320 | 2025-11-17 | 天津   |    98 |    61.2 |  145   |  19.7 |  48.4 | 1.05 |  72.6 | 良      |   11 | 11月    |
|  321 | 2025-11-18 | 天津   |   110 |    83.2 |  163.8 |  21.3 |  56.9 | 1.01 |  15   | 轻度污染   |   11 | 11月    |
|  322 | 2025-11-19 | 天津   |   100 |    75.2 |  127.1 |  20.4 |  41.1 | 0.98 |  24.5 | 良      |   11 | 11月    |
|  323 | 2025-11-20 | 天津   |   131 |    99.9 |   94.9 |  24.1 |  52.6 | 0.8  |  69.8 | 轻度污染   |   11 | 11月    |
|  324 | 2025-11-21 | 天津   |    99 |    74.1 |  109.5 |  16.6 |  37.8 | 1.03 |  49.3 | 良      |   11 | 11月    |
|  325 | 2025-11-22 | 天津   |    99 |    74.3 |   91   |  19.6 |  60.4 | 1.19 |  62.6 | 良      |   11 | 11月    |
|  326 | 2025-11-23 | 天津   |   122 |    92.7 |  116.8 |  15.3 |  51   | 1.1  |  49.2 | 轻度污染   |   11 | 11月    |
|  327 | 2025-11-24 | 天津   |   105 |    79   |  126.4 |  16.4 |  57.4 | 1.23 |  62.5 | 轻度污染   |   11 | 11月    |
|  328 | 2025-11-25 | 天津   |    96 |    72   |   96.1 |  22.9 |  49.9 | 0.9  |  51.2 | 良      |   11 | 11月    |
|  329 | 2025-11-26 | 天津   |   105 |    72.5 |  159.1 |  17.6 |  47.8 | 0.78 |  43.6 | 轻度污染   |   11 | 11月    |
|  330 | 2025-11-27 | 天津   |    96 |    71.4 |  123.5 |  16.6 |  50.5 | 0.99 |  70.9 | 良      |   11 | 11月    |
|  331 | 2025-11-28 | 天津   |    84 |    59.7 |  118.9 |  12.6 |  43.9 | 0.91 |  55.9 | 良      |   11 | 11月    |
|  332 | 2025-11-29 | 天津   |    91 |    47.8 |  132.9 |  16.5 |  33.4 | 0.93 |  64.4 | 良      |   11 | 11月    |
|  333 | 2025-11-30 | 天津   |   116 |    87.7 |  100.7 |  18.2 |  47.7 | 1.07 |  55.9 | 轻度污染   |   11 | 11月    |
|  334 | 2025-12-01 | 天津   |   131 |   100.2 |  163.3 |  14.7 |  39.1 | 0.92 |  44.8 | 轻度污染   |   12 | 12月    |
|  335 | 2025-12-02 | 天津   |    88 |    65.1 |  102.5 |  18   |  36.5 | 0.77 |  82.9 | 良      |   12 | 12月    |
|  336 | 2025-12-03 | 天津   |    99 |    72.9 |  147.8 |  22.5 |  48.5 | 0.91 |  60.8 | 良      |   12 | 12月    |
|  337 | 2025-12-04 | 天津   |   108 |    81.3 |   95.2 |  16.5 |  42   | 1.08 |  48.5 | 轻度污染   |   12 | 12月    |
|  338 | 2025-12-05 | 天津   |   130 |    99.4 |  117.4 |  15.8 |  51   | 1.15 |  78.3 | 轻度污染   |   12 | 12月    |
|  339 | 2025-12-06 | 天津   |    94 |    70.4 |  122.5 |  15.2 |  38.1 | 1.14 |  32   | 良      |   12 | 12月    |
|  340 | 2025-12-07 | 天津   |    87 |    61.8 |  123.6 |  15.1 |  40.2 | 1.09 |  96.5 | 良      |   12 | 12月    |
|  341 | 2025-12-08 | 天津   |   145 |   110.7 |  143.9 |  20   |  51.4 | 0.97 |  53.5 | 轻度污染   |   12 | 12月    |
|  342 | 2025-12-09 | 天津   |   103 |    77.5 |   97.3 |  18.5 |  45.1 | 1.08 |  34.4 | 轻度污染   |   12 | 12月    |
|  343 | 2025-12-10 | 天津   |    82 |    60.7 |  103.6 |  21.2 |  32.6 | 0.99 |  92   | 良      |   12 | 12月    |
|  344 | 2025-12-11 | 天津   |   103 |    77.4 |  125.3 |  24.3 |  44.6 | 1.01 |  49.8 | 轻度污染   |   12 | 12月    |
|  345 | 2025-12-12 | 天津   |    81 |    41.9 |  111.6 |  12.7 |  53   | 0.8  |  63   | 良      |   12 | 12月    |
|  346 | 2025-12-13 | 天津   |   159 |   121.2 |  172.8 |  19.3 |  39.1 | 0.99 |  72.1 | 中度污染   |   12 | 12月    |
|  347 | 2025-12-14 | 天津   |    94 |    69.8 |  123.5 |  14.7 |  46.5 | 1.06 |  81   | 良      |   12 | 12月    |
|  348 | 2025-12-15 | 天津   |   108 |    81.5 |   68.1 |  20.4 |  36.2 | 1.05 |  65.6 | 轻度污染   |   12 | 12月    |
|  349 | 2025-12-16 | 天津   |    84 |    59.4 |  118.3 |  17.2 |  41   | 0.72 |  49.1 | 良      |   12 | 12月    |
|  350 | 2025-12-17 | 天津   |   104 |    49.5 |  158.1 |  18   |  49.4 | 0.99 |  65.2 | 轻度污染   |   12 | 12月    |
|  351 | 2025-12-18 | 天津   |    95 |    68.7 |  139.3 |  14   |  43.1 | 0.68 |  54.2 | 良      |   12 | 12月    |
|  352 | 2025-12-19 | 天津   |    86 |    55.7 |  121   |  16.5 |  50.4 | 1    |  66.8 | 良      |   12 | 12月    |
|  353 | 2025-12-20 | 天津   |    83 |    61.1 |   91.1 |  18   |  44.2 | 0.82 |  92.2 | 良      |   12 | 12月    |
|  354 | 2025-12-21 | 天津   |    86 |    61.5 |  121.6 |  21.7 |  56.5 | 1.3  |  77   | 良      |   12 | 12月    |
|  355 | 2025-12-22 | 天津   |    88 |    52.7 |  126.5 |  15.2 |  29.9 | 0.97 |  67.7 | 良      |   12 | 12月    |
|  356 | 2025-12-23 | 天津   |   134 |   102.5 |  147.7 |  15.9 |  39.1 | 1.11 |  77.8 | 轻度污染   |   12 | 12月    |
|  357 | 2025-12-24 | 天津   |    88 |    65.6 |  117.5 |  20.3 |  32.8 | 1.36 |  79.6 | 良      |   12 | 12月    |
|  358 | 2025-12-25 | 天津   |   154 |   117.6 |  186.2 |  14.8 |  33.1 | 0.77 |  46.2 | 中度污染   |   12 | 12月    |
|  359 | 2025-12-26 | 天津   |    72 |    44.9 |   93.4 |  20.8 |  33   | 1.02 |  66.9 | 良      |   12 | 12月    |
|  360 | 2025-12-27 | 天津   |    72 |    52.4 |   89.1 |  17.3 |  41   | 0.69 | 112.9 | 良      |   12 | 12月    |
|  361 | 2025-12-28 | 天津   |    98 |    73.8 |  123.8 |  18.1 |  41.2 | 1    |  89.2 | 良      |   12 | 12月    |
|  362 | 2025-12-29 | 天津   |    84 |    55.5 |  118.8 |  18.3 |  42.5 | 1.28 |  58.8 | 良      |   12 | 12月    |
|  363 | 2025-12-30 | 天津   |    90 |    64.1 |  130   |  15.2 |  31.4 | 0.79 |  57.6 | 良      |   12 | 12月    |
|  364 | 2025-12-31 | 天津   |    95 |    70.8 |  120.5 |  18.2 |  36.8 | 0.74 |  57.6 | 良      |   12 | 12月    |
|  365 | 2025-01-01 | 宁夏   |    83 |    61.2 |   98.8 |  23.6 |  21.3 | 1.21 |  67.1 | 良      |    1 | 1月     |
|  366 | 2025-01-02 | 宁夏   |    82 |    48   |  113.7 |  16.5 |  32.1 | 0.81 |  62.6 | 良      |    1 | 1月     |
|  367 | 2025-01-03 | 宁夏   |    86 |    60.9 |  121   |  22   |  37.8 | 0.66 |  62.2 | 良      |    1 | 1月     |
|  368 | 2025-01-04 | 宁夏   |    80 |    59   |  104.9 |  20.4 |  28.8 | 0.75 |  56.8 | 良      |    1 | 1月     |
|  369 | 2025-01-05 | 宁夏   |    97 |    72.8 |  125.7 |  16.9 |  24.3 | 0.97 |  54.5 | 良      |    1 | 1月     |
|  370 | 2025-01-06 | 宁夏   |    93 |    47.1 |  135.5 |  17.1 |  25.2 | 0.68 | 107.7 | 良      |    1 | 1月     |
|  371 | 2025-01-07 | 宁夏   |   108 |    81.8 |  100.1 |  17.9 |  34.5 | 0.81 |  77.4 | 轻度污染   |    1 | 1月     |
|  372 | 2025-01-08 | 宁夏   |    79 |    45.9 |  107.1 |  19.9 |  42.1 | 0.9  |  73   | 良      |    1 | 1月     |
|  373 | 2025-01-09 | 宁夏   |   108 |    81.5 |  141.2 |  18.6 |  35.6 | 0.68 |  67.5 | 轻度污染   |    1 | 1月     |
|  374 | 2025-01-10 | 宁夏   |    81 |    52.3 |  112.4 |  15.9 |  39.1 | 0.45 |  84.7 | 良      |    1 | 1月     |
|  375 | 2025-01-11 | 宁夏   |   123 |    93.2 |  112.2 |  11   |  22.5 | 0.58 |  99.3 | 轻度污染   |    1 | 1月     |
|  376 | 2025-01-12 | 宁夏   |    86 |    64.1 |  106.1 |  19.2 |  29.1 | 0.62 |  91.2 | 良      |    1 | 1月     |
|  377 | 2025-01-13 | 宁夏   |    82 |    60.6 |  107.3 |  11.3 |  36.5 | 0.74 |  95.4 | 良      |    1 | 1月     |
|  378 | 2025-01-14 | 宁夏   |   130 |    99.3 |  179.5 |  13   |  19.4 | 0.79 |  68.8 | 轻度污染   |    1 | 1月     |
|  379 | 2025-01-15 | 宁夏   |    65 |    46.9 |   46.3 |  15.8 |  24.4 | 0.94 |  79.9 | 良      |    1 | 1月     |
|  380 | 2025-01-16 | 宁夏   |    78 |    57.2 |   93.8 |  13.3 |  35.4 | 0.53 |  70.3 | 良      |    1 | 1月     |
|  381 | 2025-01-17 | 宁夏   |    73 |    49   |   96.5 |  17.8 |  30.4 | 0.91 |  83.1 | 良      |    1 | 1月     |
|  382 | 2025-01-18 | 宁夏   |   102 |    76.9 |  132.2 |  15.9 |  21.6 | 0.69 | 104.7 | 轻度污染   |    1 | 1月     |
|  383 | 2025-01-19 | 宁夏   |    81 |    55.3 |  112.3 |  19.1 |  16.8 | 0.41 |  90.3 | 良      |    1 | 1月     |
|  384 | 2025-01-20 | 宁夏   |    81 |    52.1 |  112.4 |  11.8 |  37.3 | 0.76 | 112.3 | 良      |    1 | 1月     |
|  385 | 2025-01-21 | 宁夏   |    89 |    36.7 |  127.3 |  14.6 |  13.4 | 1.02 |  78.4 | 良      |    1 | 1月     |
|  386 | 2025-01-22 | 宁夏   |    74 |    49.8 |   98.2 |  16.5 |  32   | 0.93 |  69.7 | 良      |    1 | 1月     |
|  387 | 2025-01-23 | 宁夏   |    82 |    55.3 |  114.6 |  16.6 |  23.6 | 0.73 |  94   | 良      |    1 | 1月     |
|  388 | 2025-01-24 | 宁夏   |    70 |    33.2 |   90.6 |  18.5 |  34.5 | 0.97 |  87.5 | 良      |    1 | 1月     |
|  389 | 2025-01-25 | 宁夏   |    83 |    61.1 |   79.9 |  13.6 |  19.6 | 0.78 |  91.8 | 良      |    1 | 1月     |
|  390 | 2025-01-26 | 宁夏   |    93 |    50.8 |  136.5 |  14.8 |  45   | 0.93 |  89.7 | 良      |    1 | 1月     |
|  391 | 2025-01-27 | 宁夏   |   177 |   134   |  160.7 |  17.7 |  29.4 | 0.4  |  78.5 | 中度污染   |    1 | 1月     |
|  392 | 2025-01-28 | 宁夏   |    87 |    64.4 |  112.9 |   9.5 |  30.3 | 0.47 |  91.3 | 良      |    1 | 1月     |
|  393 | 2025-01-29 | 宁夏   |    69 |    50.6 |   78.1 |  17.2 |  20.7 | 0.87 | 105.9 | 良      |    1 | 1月     |
|  394 | 2025-01-30 | 宁夏   |    80 |    41   |  109.6 |  18.3 |  25   | 1.02 | 108.3 | 良      |    1 | 1月     |
|  395 | 2025-01-31 | 宁夏   |    92 |    39.9 |  134.7 |  11.9 |  25   | 0.8  |  80.7 | 良      |    1 | 1月     |
|  396 | 2025-02-01 | 宁夏   |    91 |    68   |   93.3 |  14.9 |  38.1 | 0.61 |  94.3 | 良      |    2 | 2月     |
|  397 | 2025-02-02 | 宁夏   |    68 |    49.6 |   73.4 |  20.3 |  28.1 | 0.53 | 117.3 | 良      |    2 | 2月     |
|  398 | 2025-02-03 | 宁夏   |    95 |    70.8 |  101.9 |  17.7 |  29   | 0.64 |  82.8 | 良      |    2 | 2月     |
|  399 | 2025-02-04 | 宁夏   |    71 |    52.1 |   77.2 |  17   |  28.7 | 0.94 |  80.1 | 良      |    2 | 2月     |
|  400 | 2025-02-05 | 宁夏   |    81 |    59.6 |   66.5 |  18.6 |  29.2 | 0.62 | 106.7 | 良      |    2 | 2月     |
|  401 | 2025-02-06 | 宁夏   |    83 |    61.2 |   82.6 |  20.9 |  14.8 | 0.9  | 104.1 | 良      |    2 | 2月     |
|  402 | 2025-02-07 | 宁夏   |    69 |    36.6 |   87.2 |  15.5 |  38.7 | 0.81 |  78.4 | 良      |    2 | 2月     |
|  403 | 2025-02-08 | 宁夏   |   129 |    97.8 |  106.6 |  14.2 |  18   | 1.02 |  68.9 | 轻度污染   |    2 | 2月     |
|  404 | 2025-02-09 | 宁夏   |   109 |    70.1 |  167.3 |  18.3 |  23.7 | 0.72 |  98.4 | 轻度污染   |    2 | 2月     |
|  405 | 2025-02-10 | 宁夏   |    92 |    49.7 |  134   |  14.7 |  34.5 | 0.66 |  87.6 | 良      |    2 | 2月     |
|  406 | 2025-02-11 | 宁夏   |    79 |    53.6 |  108.3 |  12.4 |  37.2 | 0.89 |  65.4 | 良      |    2 | 2月     |
|  407 | 2025-02-12 | 宁夏   |    77 |    32.4 |  103.3 |  13.5 |  29.1 | 0.48 |  83.9 | 良      |    2 | 2月     |
|  408 | 2025-02-13 | 宁夏   |    72 |    52.9 |   92.5 |  16   |  19.7 | 0.57 | 107.6 | 良      |    2 | 2月     |
|  409 | 2025-02-14 | 宁夏   |    64 |    34   |   77.2 |  13.7 |  24   | 0.32 |  94.6 | 良      |    2 | 2月     |
|  410 | 2025-02-15 | 宁夏   |    89 |    66.4 |  126.9 |  13.8 |  24.1 | 0.4  | 126   | 良      |    2 | 2月     |
|  411 | 2025-02-16 | 宁夏   |    72 |    43.4 |   93.3 |  11.8 |  24.1 | 1.03 |  60.7 | 良      |    2 | 2月     |
|  412 | 2025-02-17 | 宁夏   |    69 |    31.4 |   85.1 |  19.2 |  13.9 | 0.78 | 122.9 | 良      |    2 | 2月     |
|  413 | 2025-02-18 | 宁夏   |    82 |    34.7 |  114.4 |  13.8 |  31.2 | 0.37 |  93.1 | 良      |    2 | 2月     |
|  414 | 2025-02-19 | 宁夏   |    71 |    39.6 |   92.3 |  12.6 |  23.1 | 0.88 |  91   | 良      |    2 | 2月     |
|  415 | 2025-02-20 | 宁夏   |    82 |    19.4 |  113.1 |  12.9 |  17   | 0.49 |  72.4 | 良      |    2 | 2月     |
|  416 | 2025-02-21 | 宁夏   |    68 |    39.9 |   85.1 |  17   |  18.4 | 0.76 | 109.2 | 良      |    2 | 2月     |
|  417 | 2025-02-22 | 宁夏   |    82 |    55.6 |  113.4 |  16.3 |  23.6 | 0.75 |  68.4 | 良      |    2 | 2月     |
|  418 | 2025-02-23 | 宁夏   |    81 |    45   |  112.4 |  13   |  12   | 0.96 | 116.5 | 良      |    2 | 2月     |
|  419 | 2025-02-24 | 宁夏   |   142 |   108.7 |  172.4 |  14.6 |  27.5 | 0.51 |  75   | 轻度污染   |    2 | 2月     |
|  420 | 2025-02-25 | 宁夏   |    67 |    49   |   78.1 |  15.2 |  22.9 | 0.47 |  78.3 | 良      |    2 | 2月     |
|  421 | 2025-02-26 | 宁夏   |    70 |    49.2 |   90.4 |  12.2 |  32   | 0.3  |  81.7 | 良      |    2 | 2月     |
|  422 | 2025-02-27 | 宁夏   |    98 |    73.4 |  130.8 |   9.7 |  21.4 | 0.59 |  90.7 | 良      |    2 | 2月     |
|  423 | 2025-02-28 | 宁夏   |    78 |    57.2 |   86.7 |  15.8 |  13.2 | 0.75 | 121   | 良      |    2 | 2月     |
|  424 | 2025-03-01 | 宁夏   |   138 |    48.5 |  226.3 |   6.3 |  12.2 | 0.78 | 131.6 | 轻度污染   |    3 | 3月     |
|  425 | 2025-03-02 | 宁夏   |   163 |    60.7 |  277   |   9.5 |  17.7 | 0.85 |  93.9 | 中度污染   |    3 | 3月     |
|  426 | 2025-03-03 | 宁夏   |    86 |    63.8 |   67.4 |   9.1 |  18.3 | 0.66 | 104.5 | 良      |    3 | 3月     |
|  427 | 2025-03-04 | 宁夏   |   138 |    69.9 |  226.3 |   8.2 |  16.2 | 0.7  | 114.6 | 轻度污染   |    3 | 3月     |
|  428 | 2025-03-05 | 宁夏   |    93 |    69.2 |  117.3 |   6.7 |  20.9 | 0.61 | 100.2 | 良      |    3 | 3月     |
|  429 | 2025-03-06 | 宁夏   |    97 |    26.7 |  144.5 |   6.1 |  15.8 | 0.73 | 114.7 | 良      |    3 | 3月     |
|  430 | 2025-03-07 | 宁夏   |   138 |    74.8 |  226.2 |   4.5 |  21.5 | 0.4  | 106.9 | 轻度污染   |    3 | 3月     |
|  431 | 2025-03-08 | 宁夏   |    93 |    50.3 |  135.9 |   6   |  16   | 0.3  | 102.7 | 良      |    3 | 3月     |
|  432 | 2025-03-09 | 宁夏   |   166 |    62.2 |  282.9 |   9.5 |  23.9 | 0.42 |  82.1 | 中度污染   |    3 | 3月     |
|  433 | 2025-03-10 | 宁夏   |   106 |    39.2 |  162.1 |  12   |  17.2 | 0.62 | 110.7 | 轻度污染   |    3 | 3月     |
|  434 | 2025-03-11 | 宁夏   |   138 |    42.8 |  226.2 |  11.5 |  28   | 0.32 | 125.7 | 轻度污染   |    3 | 3月     |
|  435 | 2025-03-12 | 宁夏   |   112 |    63.6 |  174.9 |   8.2 |  23.7 | 0.45 |  94.7 | 轻度污染   |    3 | 3月     |
|  436 | 2025-03-13 | 宁夏   |   147 |    34.5 |  244.5 |  11.9 |  20.4 | 0.45 |  73.7 | 轻度污染   |    3 | 3月     |
|  437 | 2025-03-14 | 宁夏   |   107 |    32.2 |  164.4 |   6.7 |  17.5 | 0.73 | 103.7 | 轻度污染   |    3 | 3月     |
|  438 | 2025-03-15 | 宁夏   |   148 |    15.7 |  245.2 |   3.7 |  12   | 0.7  | 136.9 | 轻度污染   |    3 | 3月     |
|  439 | 2025-03-16 | 宁夏   |    87 |    61.3 |  124.7 |  13.3 |  28.6 | 0.58 | 131.9 | 良      |    3 | 3月     |
|  440 | 2025-03-17 | 宁夏   |   136 |    72.6 |  221.7 |   9.1 |  13.8 | 0.65 |  99.9 | 轻度污染   |    3 | 3月     |
|  441 | 2025-03-18 | 宁夏   |   150 |    71.4 |  249.2 |   3   |  19.1 | 0.66 | 118.9 | 轻度污染   |    3 | 3月     |
|  442 | 2025-03-19 | 宁夏   |    90 |    66.6 |  121.4 |  12.1 |  20.8 | 0.49 | 122   | 良      |    3 | 3月     |
|  443 | 2025-03-20 | 宁夏   |   110 |    51.9 |  169.9 |   5.2 |  17   | 0.45 | 138   | 轻度污染   |    3 | 3月     |
|  444 | 2025-03-21 | 宁夏   |    85 |    62.7 |   87   |   5.8 |  27.7 | 0.86 |  83.6 | 良      |    3 | 3月     |
|  445 | 2025-03-22 | 宁夏   |   119 |    57.2 |  188.1 |  10.4 |  12   | 0.3  |  92.5 | 轻度污染   |    3 | 3月     |
|  446 | 2025-03-23 | 宁夏   |   121 |    53.8 |  192.4 |  11.4 |  30.2 | 0.4  |  75.8 | 轻度污染   |    3 | 3月     |
|  447 | 2025-03-24 | 宁夏   |   123 |    55.7 |  196.8 |   4.3 |  22.6 | 0.51 | 100   | 轻度污染   |    3 | 3月     |
|  448 | 2025-03-25 | 宁夏   |   129 |    73   |  207.3 |  11.7 |  16.1 | 0.66 | 131.7 | 轻度污染   |    3 | 3月     |
|  449 | 2025-03-26 | 宁夏   |   127 |    44.5 |  203.5 |   9.9 |  16.1 | 0.77 | 102.6 | 轻度污染   |    3 | 3月     |
|  450 | 2025-03-27 | 宁夏   |    96 |    54.2 |  141.7 |   4.8 |  12   | 0.92 |  89.3 | 良      |    3 | 3月     |
|  451 | 2025-03-28 | 宁夏   |   110 |    70.5 |  170.1 |   6.5 |  12   | 0.53 | 117.2 | 轻度污染   |    3 | 3月     |
|  452 | 2025-03-29 | 宁夏   |   130 |    59.4 |  210.9 |  11.7 |  15.1 | 0.54 | 117.8 | 轻度污染   |    3 | 3月     |
|  453 | 2025-03-30 | 宁夏   |   149 |    63.5 |  247.8 |   3   |  18.8 | 0.61 |  95.2 | 轻度污染   |    3 | 3月     |
|  454 | 2025-03-31 | 宁夏   |    94 |    35.5 |  139   |  11.3 |  26.3 | 0.43 | 104.5 | 良      |    3 | 3月     |
|  455 | 2025-04-01 | 宁夏   |   116 |    88   |  167   |   9.7 |  31.7 | 0.3  | 116.5 | 轻度污染   |    4 | 4月     |
|  456 | 2025-04-02 | 宁夏   |   109 |    82.3 |  100   |   8.6 |  19.3 | 0.52 | 127.4 | 轻度污染   |    4 | 4月     |
|  457 | 2025-04-03 | 宁夏   |    86 |    21.7 |  121.2 |   7.5 |  18.8 | 0.69 | 102.4 | 良      |    4 | 4月     |
|  458 | 2025-04-04 | 宁夏   |   131 |    54.9 |  212.3 |  13   |  13.8 | 0.49 | 100   | 轻度污染   |    4 | 4月     |
|  459 | 2025-04-05 | 宁夏   |   159 |    79.9 |  267.9 |  13.4 |  12   | 0.62 | 148.8 | 中度污染   |    4 | 4月     |
|  460 | 2025-04-06 | 宁夏   |    84 |    48.1 |  117.1 |   5.2 |  12.9 | 0.3  | 109.5 | 良      |    4 | 4月     |
|  461 | 2025-04-07 | 宁夏   |   114 |    86.5 |  174.8 |   8.9 |  15.7 | 0.54 | 119   | 轻度污染   |    4 | 4月     |
|  462 | 2025-04-08 | 宁夏   |    75 |    39.4 |   99.2 |  12.7 |  23.9 | 0.45 | 126.3 | 良      |    4 | 4月     |
|  463 | 2025-04-09 | 宁夏   |   102 |    69   |  153.7 |   4.7 |  20.7 | 0.3  |  82.6 | 轻度污染   |    4 | 4月     |
|  464 | 2025-04-10 | 宁夏   |   121 |    52.5 |  191.1 |   7.8 |  18.6 | 0.66 | 114.5 | 轻度污染   |    4 | 4月     |
|  465 | 2025-04-11 | 宁夏   |   115 |    86   |  179.8 |  10   |  13   | 0.9  |  85.2 | 轻度污染   |    4 | 4月     |
|  466 | 2025-04-12 | 宁夏   |   103 |    50.2 |  155.3 |   3   |  12   | 0.73 | 112.6 | 轻度污染   |    4 | 4月     |
|  467 | 2025-04-13 | 宁夏   |   109 |    82.4 |  162.2 |   9.5 |  12   | 0.74 | 139.7 | 轻度污染   |    4 | 4月     |
|  468 | 2025-04-14 | 宁夏   |   136 |   104.2 |  168.9 |   3.7 |  12   | 0.67 |  97   | 轻度污染   |    4 | 4月     |
|  469 | 2025-04-15 | 宁夏   |    68 |    46.5 |   85.3 |   7.6 |  15   | 0.66 |  85   | 良      |    4 | 4月     |
|  470 | 2025-04-16 | 宁夏   |    91 |    60.9 |  108   |  10.4 |  24   | 0.3  | 149   | 良      |    4 | 4月     |
|  471 | 2025-04-17 | 宁夏   |   132 |   100.2 |   89.5 |   3   |  23.8 | 0.5  |  94.4 | 轻度污染   |    4 | 4月     |
|  472 | 2025-04-18 | 宁夏   |   126 |    65.8 |  201.9 |   9.4 |  22.6 | 0.63 |  88   | 轻度污染   |    4 | 4月     |
|  473 | 2025-04-19 | 宁夏   |   136 |    52.9 |  222.4 |  13.1 |  13.4 | 0.64 | 144.1 | 轻度污染   |    4 | 4月     |
|  474 | 2025-04-20 | 宁夏   |   106 |    62.8 |  162.8 |   5.4 |  25   | 0.78 |  93.6 | 轻度污染   |    4 | 4月     |
|  475 | 2025-04-21 | 宁夏   |   115 |    86.7 |  138.3 |   8.7 |  12   | 0.32 | 144.5 | 轻度污染   |    4 | 4月     |
|  476 | 2025-04-22 | 宁夏   |   107 |    76.3 |  164.3 |  11   |  23   | 0.65 | 119.8 | 轻度污染   |    4 | 4月     |
|  477 | 2025-04-23 | 宁夏   |    98 |    24.7 |  146.7 |   3   |  12   | 0.32 | 137.9 | 良      |    4 | 4月     |
|  478 | 2025-04-24 | 宁夏   |   114 |    38.7 |  178.1 |   9.3 |  12   | 0.49 | 118   | 轻度污染   |    4 | 4月     |
|  479 | 2025-04-25 | 宁夏   |   123 |    40.2 |  195.6 |  10.1 |  28.7 | 0.52 | 134   | 轻度污染   |    4 | 4月     |
|  480 | 2025-04-26 | 宁夏   |    91 |    45.2 |  132.9 |   9   |  15.7 | 0.71 |  98   | 良      |    4 | 4月     |
|  481 | 2025-04-27 | 宁夏   |   122 |    58.5 |  193   |   7.3 |  12.4 | 0.68 | 103.4 | 轻度污染   |    4 | 4月     |
|  482 | 2025-04-28 | 宁夏   |   126 |    78.2 |  202   |   4.1 |  25   | 0.56 |  76.2 | 轻度污染   |    4 | 4月     |
|  483 | 2025-04-29 | 宁夏   |    76 |    48   |   85.8 |  11.3 |  25.8 | 0.3  | 131.7 | 良      |    4 | 4月     |
|  484 | 2025-04-30 | 宁夏   |   122 |    54.2 |  193.3 |   7.2 |  14.3 | 0.63 | 121.6 | 轻度污染   |    4 | 4月     |
|  485 | 2025-05-01 | 宁夏   |   138 |    52.9 |  225.9 |   4.4 |  19.3 | 0.48 | 125.7 | 轻度污染   |    5 | 5月     |
|  486 | 2025-05-02 | 宁夏   |   123 |    93.2 |  127.6 |   6.2 |  18.4 | 0.82 | 112.2 | 轻度污染   |    5 | 5月     |
|  487 | 2025-05-03 | 宁夏   |   104 |    78.5 |  155.4 |   8.3 |  12   | 0.77 | 148.6 | 轻度污染   |    5 | 5月     |
|  488 | 2025-05-04 | 宁夏   |   112 |    53.7 |  153   |   3   |  12   | 0.35 | 173.5 | 轻度污染   |    5 | 5月     |
|  489 | 2025-05-05 | 宁夏   |   103 |    33.3 |  156.6 |   7.3 |  24.2 | 0.66 | 140.7 | 轻度污染   |    5 | 5月     |
|  490 | 2025-05-06 | 宁夏   |   100 |    74.8 |  114.3 |   6   |  12   | 0.66 | 131.1 | 良      |    5 | 5月     |
|  491 | 2025-05-07 | 宁夏   |    94 |    70   |  110.6 |  11.3 |  21.5 | 0.65 | 125.9 | 良      |    5 | 5月     |
|  492 | 2025-05-08 | 宁夏   |   111 |    33.6 |  172   |   3   |  19.7 | 0.63 | 165.1 | 轻度污染   |    5 | 5月     |
|  493 | 2025-05-09 | 宁夏   |   151 |    39   |  252.1 |  10.1 |  26.4 | 0.67 | 128.3 | 中度污染   |    5 | 5月     |
|  494 | 2025-05-10 | 宁夏   |   141 |    91.8 |  232.3 |  11.6 |  12   | 0.85 | 135.4 | 轻度污染   |    5 | 5月     |
|  495 | 2025-05-11 | 宁夏   |   101 |    31.6 |  125.7 |   3   |  20.8 | 0.44 | 160.6 | 轻度污染   |    5 | 5月     |
|  496 | 2025-05-12 | 宁夏   |   124 |    30.9 |  198.4 |   3   |  17.7 | 0.37 | 153.1 | 轻度污染   |    5 | 5月     |
|  497 | 2025-05-13 | 宁夏   |    96 |    51.6 |  141.6 |  12.8 |  12.7 | 0.71 | 135.4 | 良      |    5 | 5月     |
|  498 | 2025-05-14 | 宁夏   |   156 |    58.7 |  261.3 |   4.7 |  12.8 | 0.3  | 128.5 | 中度污染   |    5 | 5月     |
|  499 | 2025-05-15 | 宁夏   |   107 |    54   |  126.6 |  16.8 |  20   | 0.69 | 167.2 | 轻度污染   |    5 | 5月     |
|  500 | 2025-05-16 | 宁夏   |   132 |    49.6 |  213   |   3   |  22.9 | 0.66 | 120.4 | 轻度污染   |    5 | 5月     |
|  501 | 2025-05-17 | 宁夏   |   147 |    66.6 |  243.5 |   8.1 |  19.1 | 0.3  | 136.4 | 轻度污染   |    5 | 5月     |
|  502 | 2025-05-18 | 宁夏   |    96 |    56.5 |  142.6 |   7.5 |  19.4 | 0.44 | 112.8 | 良      |    5 | 5月     |
|  503 | 2025-05-19 | 宁夏   |   101 |    53.4 |  105.9 |   7   |  15.4 | 0.88 | 161   | 轻度污染   |    5 | 5月     |
|  504 | 2025-05-20 | 宁夏   |   101 |    56.8 |  151.8 |   9   |  15.9 | 0.3  | 130.7 | 轻度污染   |    5 | 5月     |
|  505 | 2025-05-21 | 宁夏   |    80 |    52.1 |  110.9 |   9.3 |  13.5 | 0.62 | 126.3 | 良      |    5 | 5月     |
|  506 | 2025-05-22 | 宁夏   |    92 |    55.8 |  104.6 |   7.2 |  15.6 | 0.37 | 150.5 | 良      |    5 | 5月     |
|  507 | 2025-05-23 | 宁夏   |   118 |    64.8 |  185.4 |   4.7 |  23.5 | 0.44 | 112.6 | 轻度污染   |    5 | 5月     |
|  508 | 2025-05-24 | 宁夏   |    99 |    67   |  148.9 |  11   |  24.4 | 0.96 | 149.3 | 良      |    5 | 5月     |
|  509 | 2025-05-25 | 宁夏   |    89 |    58   |  128.8 |   9.7 |  12   | 0.61 | 131   | 良      |    5 | 5月     |
|  510 | 2025-05-26 | 宁夏   |    79 |    49.8 |  107.8 |   8.2 |  13.4 | 0.69 | 115.4 | 良      |    5 | 5月     |
|  511 | 2025-05-27 | 宁夏   |   106 |    80.1 |  123.5 |   9.7 |  14.9 | 0.57 | 118.9 | 轻度污染   |    5 | 5月     |
|  512 | 2025-05-28 | 宁夏   |   117 |    63.4 |  183.4 |  10.3 |  19.5 | 0.3  | 124   | 轻度污染   |    5 | 5月     |
|  513 | 2025-05-29 | 宁夏   |   108 |    55.9 |  166.7 |   5.7 |  12   | 0.36 | 127.9 | 轻度污染   |    5 | 5月     |
|  514 | 2025-05-30 | 宁夏   |    79 |    50.3 |  108   |   9.8 |  14.1 | 0.83 | 114   | 良      |    5 | 5月     |
|  515 | 2025-05-31 | 宁夏   |   101 |    75.6 |  103.1 |   6.5 |  12   | 0.63 | 140.4 | 轻度污染   |    5 | 5月     |
|  516 | 2025-06-01 | 宁夏   |    83 |    22.2 |  115.9 |  10.6 |  23.3 | 0.45 | 112.7 | 良      |    6 | 6月     |
|  517 | 2025-06-02 | 宁夏   |    72 |    26.9 |   94.7 |   7.6 |  20.5 | 0.6  | 117.8 | 良      |    6 | 6月     |
|  518 | 2025-06-03 | 宁夏   |   126 |     8.7 |   78   |  10.1 |  17.6 | 0.74 | 188.6 | 轻度污染   |    6 | 6月     |
|  519 | 2025-06-04 | 宁夏   |    81 |    17.2 |   85.1 |   7   |  13.5 | 0.7  | 136.9 | 良      |    6 | 6月     |
|  520 | 2025-06-05 | 宁夏   |   108 |    35.7 |   94.5 |  10.4 |  18   | 0.46 | 169.1 | 轻度污染   |    6 | 6月     |
|  521 | 2025-06-06 | 宁夏   |    69 |    21.2 |   88   |   5.5 |  17.3 | 0.3  | 113.7 | 良      |    6 | 6月     |
|  522 | 2025-06-07 | 宁夏   |   103 |    44.5 |   68.5 |   8.6 |  32.9 | 0.54 | 163.2 | 轻度污染   |    6 | 6月     |
|  523 | 2025-06-08 | 宁夏   |    90 |    20.4 |   58   |  11.5 |  28.6 | 0.85 | 147.6 | 良      |    6 | 6月     |
|  524 | 2025-06-09 | 宁夏   |    73 |    37.4 |   72.7 |  10   |  16.9 | 0.8  | 127.6 | 良      |    6 | 6月     |
|  525 | 2025-06-10 | 宁夏   |    73 |    23   |   95.5 |   9.2 |  23.1 | 0.72 | 104.6 | 良      |    6 | 6月     |
|  526 | 2025-06-11 | 宁夏   |    71 |    36.9 |   70.3 |  14.1 |  28.7 | 0.6  | 125.3 | 良      |    6 | 6月     |
|  527 | 2025-06-12 | 宁夏   |   107 |    14   |   53.8 |  11.8 |  17.4 | 0.54 | 167.5 | 轻度污染   |    6 | 6月     |
|  528 | 2025-06-13 | 宁夏   |    83 |    27.1 |   41.7 |  11.4 |  12.5 | 0.61 | 139.7 | 良      |    6 | 6月     |
|  529 | 2025-06-14 | 宁夏   |    74 |    22.5 |   74   |  10.9 |  12   | 0.8  | 128.5 | 良      |    6 | 6月     |
|  530 | 2025-06-15 | 宁夏   |   112 |    43.4 |   56.2 |  11.3 |  31.7 | 0.85 | 173.2 | 轻度污染   |    6 | 6月     |
|  531 | 2025-06-16 | 宁夏   |    86 |    38.5 |   68.2 |  14   |  21.6 | 0.6  | 142.8 | 良      |    6 | 6月     |
|  532 | 2025-06-17 | 宁夏   |    78 |    18.3 |  106.4 |   7.8 |  25.2 | 1.17 | 117.6 | 良      |    6 | 6月     |
|  533 | 2025-06-18 | 宁夏   |    84 |    30.9 |   76.4 |  12.1 |  19.3 | 0.68 | 140.3 | 良      |    6 | 6月     |
|  534 | 2025-06-19 | 宁夏   |    74 |    24.2 |   62.8 |  10.2 |  14.7 | 0.6  | 129.4 | 良      |    6 | 6月     |
|  535 | 2025-06-20 | 宁夏   |    67 |    45   |   84.2 |   8.1 |  16.1 | 0.97 | 112   | 良      |    6 | 6月     |
|  536 | 2025-06-21 | 宁夏   |    83 |    49   |  116.8 |   9   |  14.5 | 0.3  | 127.5 | 良      |    6 | 6月     |
|  537 | 2025-06-22 | 宁夏   |    90 |    16.6 |   76.2 |  10   |  30   | 0.77 | 148.5 | 良      |    6 | 6月     |
|  538 | 2025-06-23 | 宁夏   |    76 |    44   |   31.8 |   6.8 |  34.7 | 0.67 | 131.7 | 良      |    6 | 6月     |
|  539 | 2025-06-24 | 宁夏   |    89 |    24.3 |   92.2 |  12.1 |  24.7 | 0.98 | 146.6 | 良      |    6 | 6月     |
|  540 | 2025-06-25 | 宁夏   |    68 |    31.3 |   86.4 |   9.2 |  14   | 0.81 | 104.5 | 良      |    6 | 6月     |
|  541 | 2025-06-26 | 宁夏   |    85 |    34.9 |   81.6 |   9.9 |  28.3 | 0.72 | 141.7 | 良      |    6 | 6月     |
|  542 | 2025-06-27 | 宁夏   |    93 |    56.5 |   75.7 |  13.8 |  33.9 | 0.83 | 151.7 | 良      |    6 | 6月     |
|  543 | 2025-06-28 | 宁夏   |    68 |    22.8 |   64.2 |  10.1 |  32   | 0.49 | 122.1 | 良      |    6 | 6月     |
|  544 | 2025-06-29 | 宁夏   |   102 |    45   |  111   |  14.5 |  25.2 | 0.9  | 162.2 | 轻度污染   |    6 | 6月     |
|  545 | 2025-06-30 | 宁夏   |    54 |    21.1 |   44.2 |   8.3 |  24   | 0.44 | 104.4 | 良      |    6 | 6月     |
|  546 | 2025-07-01 | 宁夏   |    63 |    20.5 |   75.1 |   6.7 |  25.6 | 0.79 | 107.7 | 良      |    7 | 7月     |
|  547 | 2025-07-02 | 宁夏   |    75 |    35.9 |   74.9 |   9.1 |  34.6 | 0.73 | 130.3 | 良      |    7 | 7月     |
|  548 | 2025-07-03 | 宁夏   |    74 |    36   |   98.9 |   3   |  31.6 | 0.37 | 119   | 良      |    7 | 7月     |
|  549 | 2025-07-04 | 宁夏   |    78 |     5   |  106.9 |  12.9 |  23.7 | 0.74 | 104.1 | 良      |    7 | 7月     |
|  550 | 2025-07-05 | 宁夏   |   110 |    49.9 |   77.9 |   7.1 |  23.8 | 0.79 | 170.5 | 轻度污染   |    7 | 7月     |
|  551 | 2025-07-06 | 宁夏   |    69 |    10.5 |   86.6 |   8.4 |  23.5 | 0.6  | 122.7 | 良      |    7 | 7月     |
|  552 | 2025-07-07 | 宁夏   |    69 |    34.6 |   88.6 |  12.5 |  19.6 | 0.54 | 105.1 | 良      |    7 | 7月     |
|  553 | 2025-07-08 | 宁夏   |    77 |    52.5 |  104.4 |  10.8 |  36.7 | 0.84 | 118.5 | 良      |    7 | 7月     |
|  554 | 2025-07-09 | 宁夏   |    85 |    63.2 |  104.3 |   9.2 |  21.9 | 0.82 | 128.2 | 良      |    7 | 7月     |
|  555 | 2025-07-10 | 宁夏   |    62 |    32.5 |   73.2 |   4.4 |  31.1 | 0.8  | 103   | 良      |    7 | 7月     |
|  556 | 2025-07-11 | 宁夏   |    72 |    19.9 |   93.1 |  14.5 |  23.2 | 0.76 | 122.6 | 良      |    7 | 7月     |
|  557 | 2025-07-12 | 宁夏   |    72 |    52.7 |   92.3 |  12.9 |  24.7 | 0.65 |  97.1 | 良      |    7 | 7月     |
|  558 | 2025-07-13 | 宁夏   |    66 |    47.8 |   82.6 |  16.9 |  27.5 | 1.22 | 100   | 良      |    7 | 7月     |
|  559 | 2025-07-14 | 宁夏   |    76 |    31.7 |   92.7 |   9   |  32.3 | 0.71 | 131.5 | 良      |    7 | 7月     |
|  560 | 2025-07-15 | 宁夏   |    68 |    30.4 |   85.9 |   6.5 |  26.9 | 0.6  | 122   | 良      |    7 | 7月     |
|  561 | 2025-07-16 | 宁夏   |    70 |    29.3 |   89   |  13.9 |  20.9 | 0.79 |  76.3 | 良      |    7 | 7月     |
|  562 | 2025-07-17 | 宁夏   |    55 |    34   |   59   |  10.5 |  29.2 | 0.75 | 103   | 良      |    7 | 7月     |
|  563 | 2025-07-18 | 宁夏   |   106 |    42.1 |   68.1 |  13   |  23.9 | 0.72 | 166.7 | 轻度污染   |    7 | 7月     |
|  564 | 2025-07-19 | 宁夏   |    77 |    31.6 |  103.1 |  16   |  40.3 | 1.17 | 111   | 良      |    7 | 7月     |
|  565 | 2025-07-20 | 宁夏   |    66 |    33.3 |   62.9 |  12.4 |  27.9 | 0.57 | 119   | 良      |    7 | 7月     |
|  566 | 2025-07-21 | 宁夏   |    73 |    46.5 |   96.8 |  11.8 |  25.3 | 0.81 | 109.4 | 良      |    7 | 7月     |
|  567 | 2025-07-22 | 宁夏   |    68 |    21.2 |   86.1 |  12.1 |  44   | 0.59 | 104.3 | 良      |    7 | 7月     |
|  568 | 2025-07-23 | 宁夏   |    80 |    34.6 |  108.6 |   6.5 |  35.5 | 0.7  | 136.2 | 良      |    7 | 7月     |
|  569 | 2025-07-24 | 宁夏   |    76 |    19.2 |  101.3 |  14.8 |  24.3 | 1.16 | 125.1 | 良      |    7 | 7月     |
|  570 | 2025-07-25 | 宁夏   |   101 |    40.8 |   79.6 |  15.1 |  25.2 | 0.87 | 161.2 | 轻度污染   |    7 | 7月     |
|  571 | 2025-07-26 | 宁夏   |    67 |    16.4 |   84.5 |  13.2 |  34.3 | 0.87 | 111.6 | 良      |    7 | 7月     |
|  572 | 2025-07-27 | 宁夏   |    69 |    50.5 |   49.5 |   7.2 |  31.5 | 0.64 | 105.3 | 良      |    7 | 7月     |
|  573 | 2025-07-28 | 宁夏   |    79 |    24.2 |   86.9 |  11.4 |  37.6 | 0.74 | 134.7 | 良      |    7 | 7月     |
|  574 | 2025-07-29 | 宁夏   |    57 |    18.9 |   64.4 |  16.2 |  26.9 | 1.2  |  97   | 良      |    7 | 7月     |
|  575 | 2025-07-30 | 宁夏   |    68 |    35.9 |   85.8 |  10.2 |  36.7 | 0.94 | 121.1 | 良      |    7 | 7月     |
|  576 | 2025-07-31 | 宁夏   |    83 |    61   |   77.7 |  15.5 |  16.3 | 0.77 | 118.8 | 良      |    7 | 7月     |
|  577 | 2025-08-01 | 宁夏   |    68 |    49.2 |   73.2 |  12.2 |  31.1 | 0.93 |  89.1 | 良      |    8 | 8月     |
|  578 | 2025-08-02 | 宁夏   |    82 |    17.7 |  114.8 |  14.3 |  28   | 0.9  | 137.1 | 良      |    8 | 8月     |
|  579 | 2025-08-03 | 宁夏   |    58 |    24.8 |   65.8 |  11   |  29.4 | 0.69 | 108.6 | 良      |    8 | 8月     |
|  580 | 2025-08-04 | 宁夏   |    61 |    36.4 |   72.4 |  12.5 |  32   | 0.78 | 106.8 | 良      |    8 | 8月     |
|  581 | 2025-08-05 | 宁夏   |    95 |    68.2 |   78   |  13.6 |  40.9 | 1.31 | 153.6 | 良      |    8 | 8月     |
|  582 | 2025-08-06 | 宁夏   |    66 |    30.2 |   82.6 |   9.1 |  25.1 | 0.94 |  77.9 | 良      |    8 | 8月     |
|  583 | 2025-08-07 | 宁夏   |    62 |    30.4 |   75   |  13.3 |  18   | 0.56 |  76.3 | 良      |    8 | 8月     |
|  584 | 2025-08-08 | 宁夏   |    81 |    60.1 |   85.6 |   4.4 |  26.3 | 0.98 | 117.8 | 良      |    8 | 8月     |
|  585 | 2025-08-09 | 宁夏   |    75 |    44.3 |   99.1 |  10.8 |  40.9 | 1.14 | 123.4 | 良      |    8 | 8月     |
|  586 | 2025-08-10 | 宁夏   |    78 |    54.7 |  106.8 |  14.3 |  22.4 | 0.7  |  95.4 | 良      |    8 | 8月     |
|  587 | 2025-08-11 | 宁夏   |    78 |    33.5 |  106.1 |  16.1 |  30.1 | 0.79 |  94.6 | 良      |    8 | 8月     |
|  588 | 2025-08-12 | 宁夏   |    58 |    41.2 |   55.8 |  14.2 |  40.2 | 1.18 | 109.2 | 良      |    8 | 8月     |
|  589 | 2025-08-13 | 宁夏   |    79 |    58.3 |  101.8 |   8.7 |  34.1 | 0.9  |  54.4 | 良      |    8 | 8月     |
|  590 | 2025-08-14 | 宁夏   |    77 |    41   |  103.3 |  16   |  42.6 | 0.87 | 115.9 | 良      |    8 | 8月     |
|  591 | 2025-08-15 | 宁夏   |    77 |    56.3 |   81.5 |   9.5 |  20.6 | 0.63 |  91.3 | 良      |    8 | 8月     |
|  592 | 2025-08-16 | 宁夏   |    89 |    47.7 |  128.4 |  14.8 |  32.8 | 1.12 | 107.8 | 良      |    8 | 8月     |
|  593 | 2025-08-17 | 宁夏   |    84 |    30.7 |  117   |   9.7 |  44.6 | 0.87 |  95.7 | 良      |    8 | 8月     |
|  594 | 2025-08-18 | 宁夏   |    71 |    43.1 |   91.9 |  10.8 |  27.5 | 0.48 | 117.9 | 良      |    8 | 8月     |
|  595 | 2025-08-19 | 宁夏   |    75 |    55.2 |   83.9 |  10.3 |  42.8 | 0.6  |  75.6 | 良      |    8 | 8月     |
|  596 | 2025-08-20 | 宁夏   |    90 |    51.6 |  129.1 |  13.7 |  34.1 | 0.81 |  91.3 | 良      |    8 | 8月     |
|  597 | 2025-08-21 | 宁夏   |    73 |    43.3 |   95.9 |  12.7 |  38.9 | 0.71 |  83.7 | 良      |    8 | 8月     |
|  598 | 2025-08-22 | 宁夏   |    74 |    21.2 |   98.3 |  14.9 |  44.9 | 0.74 |  91.9 | 良      |    8 | 8月     |
|  599 | 2025-08-23 | 宁夏   |    74 |    22.5 |   98.3 |  13.4 |  39.2 | 1.4  | 109.2 | 良      |    8 | 8月     |
|  600 | 2025-08-24 | 宁夏   |    97 |    25.2 |  143.1 |   8.9 |  32.2 | 1.08 | 135.9 | 良      |    8 | 8月     |
|  601 | 2025-08-25 | 宁夏   |    71 |    38.2 |   93   |  14.3 |  40.5 | 0.42 | 114.8 | 良      |    8 | 8月     |
|  602 | 2025-08-26 | 宁夏   |    74 |    39.9 |   97.1 |   8.3 |  32.1 | 0.88 |  59.1 | 良      |    8 | 8月     |
|  603 | 2025-08-27 | 宁夏   |    66 |    26.8 |   81.2 |  11   |  38.8 | 0.93 |  70.9 | 良      |    8 | 8月     |
|  604 | 2025-08-28 | 宁夏   |    77 |    57   |   90.2 |  12.6 |  28.3 | 0.65 |  72.6 | 良      |    8 | 8月     |
|  605 | 2025-08-29 | 宁夏   |    64 |    29.6 |   77.6 |  12.4 |  37.4 | 1.06 |  64   | 良      |    8 | 8月     |
|  606 | 2025-08-30 | 宁夏   |    66 |    28.5 |   82.3 |   8.8 |  45.6 | 0.55 |  91.4 | 良      |    8 | 8月     |
|  607 | 2025-08-31 | 宁夏   |    64 |    46.1 |   62.5 |  17.9 |  35.4 | 1.18 |  82.1 | 良      |    8 | 8月     |
|  608 | 2025-09-01 | 宁夏   |    83 |    56.9 |  116.5 |  18.8 |  45.3 | 1.25 |  71.6 | 良      |    9 | 9月     |
|  609 | 2025-09-02 | 宁夏   |    94 |    70   |  102.3 |  20.7 |  59.4 | 1.43 |  68.4 | 良      |    9 | 9月     |
|  610 | 2025-09-03 | 宁夏   |    77 |    52.4 |  104.1 |  17.4 |  37.7 | 0.65 | 120.4 | 良      |    9 | 9月     |
|  611 | 2025-09-04 | 宁夏   |    87 |    64.5 |   98.5 |  12.8 |  42.3 | 0.69 |  71.6 | 良      |    9 | 9月     |
|  612 | 2025-09-05 | 宁夏   |    76 |    31.1 |  101.2 |  12.8 |  41.5 | 1.11 |  75.3 | 良      |    9 | 9月     |
|  613 | 2025-09-06 | 宁夏   |    96 |    71.7 |  132.3 |  12.7 |  39.9 | 1.21 |  96.2 | 良      |    9 | 9月     |
|  614 | 2025-09-07 | 宁夏   |    67 |    23.5 |   84.8 |  20.1 |  43.9 | 1.14 |  74.5 | 良      |    9 | 9月     |
|  615 | 2025-09-08 | 宁夏   |    78 |    39.9 |  105.9 |  13.8 |  36.8 | 1.19 |  61.2 | 良      |    9 | 9月     |
|  616 | 2025-09-09 | 宁夏   |    78 |    52.8 |  106   |  18   |  34   | 1.26 |  77.1 | 良      |    9 | 9月     |
|  617 | 2025-09-10 | 宁夏   |    87 |    26.9 |  123.5 |  17.8 |  28.1 | 1.02 | 117.6 | 良      |    9 | 9月     |
|  618 | 2025-09-11 | 宁夏   |    80 |    35.1 |  109.6 |  14.9 |  36.5 | 0.94 |  72.4 | 良      |    9 | 9月     |
|  619 | 2025-09-12 | 宁夏   |    80 |    33.3 |  110.8 |  10   |  45.3 | 0.72 |  64.3 | 良      |    9 | 9月     |
|  620 | 2025-09-13 | 宁夏   |    63 |    42.7 |   76   |  14.1 |  32.6 | 0.93 |  88   | 良      |    9 | 9月     |
|  621 | 2025-09-14 | 宁夏   |    86 |    63.6 |   85.2 |  14.9 |  41   | 0.96 |  74.6 | 良      |    9 | 9月     |
|  622 | 2025-09-15 | 宁夏   |    74 |    46.8 |   78.2 |  18.3 |  38.5 | 0.81 | 129.1 | 良      |    9 | 9月     |
|  623 | 2025-09-16 | 宁夏   |    58 |    41.2 |   52.2 |  14.5 |  35.1 | 0.99 |  65.3 | 良      |    9 | 9月     |
|  624 | 2025-09-17 | 宁夏   |    80 |    12.2 |  109.8 |  10.9 |  26.6 | 0.79 | 110.4 | 良      |    9 | 9月     |
|  625 | 2025-09-18 | 宁夏   |    73 |    52.5 |   96.8 |  17.5 |  49.2 | 1.22 |  99.9 | 良      |    9 | 9月     |
|  626 | 2025-09-19 | 宁夏   |    80 |    56.4 |  110.1 |  13.9 |  43.4 | 1.09 |  71.8 | 良      |    9 | 9月     |
|  627 | 2025-09-20 | 宁夏   |    76 |    26.6 |  103   |   7   |  58.5 | 0.91 |  78.3 | 良      |    9 | 9月     |
|  628 | 2025-09-21 | 宁夏   |    79 |    46.3 |  107.2 |  15.6 |  47.5 | 1.05 |  59.6 | 良      |    9 | 9月     |
|  629 | 2025-09-22 | 宁夏   |    90 |    49.5 |  129.3 |  16.2 |  49.4 | 0.79 |  68.2 | 良      |    9 | 9月     |
|  630 | 2025-09-23 | 宁夏   |    80 |    58.8 |  102.8 |  12.2 |  27.8 | 0.81 |  70.7 | 良      |    9 | 9月     |
|  631 | 2025-09-24 | 宁夏   |    83 |    38.6 |  116.1 |  14.1 |  27.8 | 0.89 |  80.3 | 良      |    9 | 9月     |
|  632 | 2025-09-25 | 宁夏   |    73 |    36.9 |   96.8 |  16.7 |  40.5 | 0.98 |  51.8 | 良      |    9 | 9月     |
|  633 | 2025-09-26 | 宁夏   |    85 |    41.9 |  119.5 |  15.8 |  32.3 | 1.04 |  82.6 | 良      |    9 | 9月     |
|  634 | 2025-09-27 | 宁夏   |    85 |    62.9 |   78.3 |  10.1 |  35.6 | 1.05 |  74.2 | 良      |    9 | 9月     |
|  635 | 2025-09-28 | 宁夏   |    81 |    60.1 |   66.4 |  18.6 |  58.1 | 0.75 |  83.8 | 良      |    9 | 9月     |
|  636 | 2025-09-29 | 宁夏   |    98 |    47.3 |  145.4 |  20   |  48.8 | 1    |  86.3 | 良      |    9 | 9月     |
|  637 | 2025-09-30 | 宁夏   |    95 |    59.9 |  140.1 |  13.3 |  34   | 0.86 |  72.2 | 良      |    9 | 9月     |
|  638 | 2025-10-01 | 宁夏   |    57 |    19.3 |   64.5 |   9.1 |  24.1 | 0.34 |  54.9 | 良      |   10 | 10月    |
|  639 | 2025-10-02 | 宁夏   |    78 |    57.2 |  102.8 |  17.2 |  33.5 | 1.64 |  44.4 | 良      |   10 | 10月    |
|  640 | 2025-10-03 | 宁夏   |    78 |    34.3 |  106.6 |  12.9 |  36.8 | 0.86 |  59.2 | 良      |   10 | 10月    |
|  641 | 2025-10-04 | 宁夏   |    93 |    69   |  118.1 |  16.5 |  38.5 | 0.88 |  51.4 | 良      |   10 | 10月    |
|  642 | 2025-10-05 | 宁夏   |    94 |    35.1 |  138.5 |  21.5 |  31.8 | 0.76 |  48.9 | 良      |   10 | 10月    |
|  643 | 2025-10-06 | 宁夏   |    66 |    37.6 |   82.5 |  10.3 |  48.7 | 0.81 |  43.6 | 良      |   10 | 10月    |
|  644 | 2025-10-07 | 宁夏   |    75 |    54.6 |   83.6 |  12.6 |  35.9 | 0.99 |  68.7 | 良      |   10 | 10月    |
|  645 | 2025-10-08 | 宁夏   |    77 |    55.8 |  103.8 |  14.4 |  45.4 | 1.3  |  52.6 | 良      |   10 | 10月    |
|  646 | 2025-10-09 | 宁夏   |    67 |    42.6 |   84.6 |  18.8 |  41.3 | 0.99 |  21.4 | 良      |   10 | 10月    |
|  647 | 2025-10-10 | 宁夏   |    72 |    52.4 |   49.6 |  25.6 |  47.5 | 0.96 |  36.7 | 良      |   10 | 10月    |
|  648 | 2025-10-11 | 宁夏   |    75 |    53.9 |   99.4 |  15.7 |  39.3 | 1.27 |  41   | 良      |   10 | 10月    |
|  649 | 2025-10-12 | 宁夏   |    86 |    52.7 |  121.1 |  10.1 |  34.5 | 0.92 |  45.1 | 良      |   10 | 10月    |
|  650 | 2025-10-13 | 宁夏   |    77 |    43.1 |  103.6 |  14   |  36.8 | 1.03 |  48.2 | 良      |   10 | 10月    |
|  651 | 2025-10-14 | 宁夏   |    83 |    54.1 |  116.5 |  12.7 |  36.9 | 0.85 |  28   | 良      |   10 | 10月    |
|  652 | 2025-10-15 | 宁夏   |    87 |    64.9 |  113.6 |  17.2 |  55.5 | 1.37 |  43.8 | 良      |   10 | 10月    |
|  653 | 2025-10-16 | 宁夏   |    67 |    33.3 |   83.5 |  16.1 |  41.5 | 1.24 |  39.3 | 良      |   10 | 10月    |
|  654 | 2025-10-17 | 宁夏   |    78 |    37.9 |  105.4 |  11.9 |  41   | 1    |  64.5 | 良      |   10 | 10月    |
|  655 | 2025-10-18 | 宁夏   |    67 |    48.3 |   73.5 |  12.5 |  47.2 | 0.95 |  27.1 | 良      |   10 | 10月    |
|  656 | 2025-10-19 | 宁夏   |    72 |    35.3 |   93.7 |  13.9 |  41   | 1.02 |  44.7 | 良      |   10 | 10月    |
|  657 | 2025-10-20 | 宁夏   |    77 |    26.3 |  105   |  14.3 |  48.8 | 1    |  32.8 | 良      |   10 | 10月    |
|  658 | 2025-10-21 | 宁夏   |    83 |    61.1 |  103.9 |  14.9 |  38.3 | 0.72 |  78.7 | 良      |   10 | 10月    |
|  659 | 2025-10-22 | 宁夏   |    64 |    21.2 |   78.1 |  15.1 |  37.6 | 1.25 |  67.8 | 良      |   10 | 10月    |
|  660 | 2025-10-23 | 宁夏   |    66 |    43.1 |   82.1 |  18.7 |  34   | 0.98 |  15.7 | 良      |   10 | 10月    |
|  661 | 2025-10-24 | 宁夏   |    80 |    57   |  109.6 |  13.8 |  53.8 | 1.41 |  31   | 良      |   10 | 10月    |
|  662 | 2025-10-25 | 宁夏   |    85 |    51.1 |  120.3 |  13.3 |  40.4 | 1.11 |  61.1 | 良      |   10 | 10月    |
|  663 | 2025-10-26 | 宁夏   |    75 |    43.2 |   99.6 |  10.9 |  32.6 | 0.52 |  53.8 | 良      |   10 | 10月    |
|  664 | 2025-10-27 | 宁夏   |    74 |    34.6 |   98.5 |  14.3 |  42.2 | 0.77 |  53.3 | 良      |   10 | 10月    |
|  665 | 2025-10-28 | 宁夏   |    86 |    51.9 |  122.2 |  15.7 |  36.2 | 0.6  |  49.2 | 良      |   10 | 10月    |
|  666 | 2025-10-29 | 宁夏   |    69 |    35.9 |   88.1 |   9.7 |  38   | 0.76 |  63   | 良      |   10 | 10月    |
|  667 | 2025-10-30 | 宁夏   |    94 |    50.9 |  138   |  13.9 |  42.8 | 0.7  |  60.1 | 良      |   10 | 10月    |
|  668 | 2025-10-31 | 宁夏   |    68 |    49.3 |   76.5 |  18.3 |  51.2 | 1.07 |  41   | 良      |   10 | 10月    |
|  669 | 2025-11-01 | 宁夏   |    96 |    63.5 |  142.3 |  22.8 |  41.2 | 0.96 |  24.8 | 良      |   11 | 11月    |
|  670 | 2025-11-02 | 宁夏   |    91 |    56.7 |  132   |  21.9 |  35.5 | 1.17 |  16.1 | 良      |   11 | 11月    |
|  671 | 2025-11-03 | 宁夏   |   114 |    86.1 |  169.3 |  22.7 |  36.9 | 1.01 |  44.8 | 轻度污染   |   11 | 11月    |
|  672 | 2025-11-04 | 宁夏   |    95 |    71.4 |   98.6 |  19.1 |  44.9 | 0.97 |  15   | 良      |   11 | 11月    |
|  673 | 2025-11-05 | 宁夏   |    81 |    60   |   74.2 |  18.6 |  26.6 | 1.42 |  51.6 | 良      |   11 | 11月    |
|  674 | 2025-11-06 | 宁夏   |    98 |    68.6 |  145.8 |  24.6 |  32.9 | 1.06 |  41.8 | 良      |   11 | 11月    |
|  675 | 2025-11-07 | 宁夏   |    71 |    49.1 |   91.3 |  23.2 |  41.6 | 1    |  82.5 | 良      |   11 | 11月    |
|  676 | 2025-11-08 | 宁夏   |   179 |   135.2 |  181.8 |  18.4 |  28.1 | 0.84 |  53.9 | 中度污染   |   11 | 11月    |
|  677 | 2025-11-09 | 宁夏   |   118 |    89.2 |  144.1 |  15   |  37.8 | 0.77 |  47.5 | 轻度污染   |   11 | 11月    |
|  678 | 2025-11-10 | 宁夏   |    89 |    53.6 |  127.9 |  18.5 |  36.5 | 1.16 |  19.2 | 良      |   11 | 11月    |
|  679 | 2025-11-11 | 宁夏   |    87 |    64.7 |  124.8 |  22.2 |  45.9 | 1.15 |  25.8 | 良      |   11 | 11月    |
|  680 | 2025-11-12 | 宁夏   |    89 |    52.2 |  128.1 |  18.6 |  38   | 1.32 |  61   | 良      |   11 | 11月    |
|  681 | 2025-11-13 | 宁夏   |    93 |    45.1 |  136.7 |  21.5 |  47.9 | 1.1  |  43.4 | 良      |   11 | 11月    |
|  682 | 2025-11-14 | 宁夏   |    94 |    70.3 |  131.5 |  24.8 |  40.1 | 0.92 |  95   | 良      |   11 | 11月    |
|  683 | 2025-11-15 | 宁夏   |    80 |    59.2 |   95.3 |  20.2 |  51.8 | 1.1  |  48.1 | 良      |   11 | 11月    |
|  684 | 2025-11-16 | 宁夏   |   147 |   112.2 |  212.8 |  21.1 |  29.6 | 0.98 |  53   | 轻度污染   |   11 | 11月    |
|  685 | 2025-11-17 | 宁夏   |    96 |    71.7 |  120.3 |  22.5 |  50.5 | 1.17 |  26.6 | 良      |   11 | 11月    |
|  686 | 2025-11-18 | 宁夏   |   101 |    75.5 |  129.5 |  17.1 |  36.2 | 1.26 |  67.6 | 轻度污染   |   11 | 11月    |
|  687 | 2025-11-19 | 宁夏   |    92 |    46.5 |  133.2 |  18   |  49.3 | 0.95 |  34.2 | 良      |   11 | 11月    |
|  688 | 2025-11-20 | 宁夏   |   127 |    96.7 |  193.3 |  22.5 |  47.2 | 1.34 |  60.7 | 轻度污染   |   11 | 11月    |
|  689 | 2025-11-21 | 宁夏   |    95 |    69.7 |  139.6 |  20.4 |  18.8 | 1.22 |  66.2 | 良      |   11 | 11月    |
|  690 | 2025-11-22 | 宁夏   |    86 |    53.2 |  121.1 |  20.6 |  42   | 0.98 |  53.7 | 良      |   11 | 11月    |
|  691 | 2025-11-23 | 宁夏   |    85 |    56.2 |  119.6 |  20.3 |  45.5 | 1.11 |  83.9 | 良      |   11 | 11月    |
|  692 | 2025-11-24 | 宁夏   |   105 |    79.3 |  154.3 |  23.1 |  47.7 | 1.04 |  41.7 | 轻度污染   |   11 | 11月    |
|  693 | 2025-11-25 | 宁夏   |    95 |    69.8 |  139.9 |  21.4 |  30   | 0.98 |  83.2 | 良      |   11 | 11月    |
|  694 | 2025-11-26 | 宁夏   |    97 |    72.9 |   95.4 |  21.4 |  42.2 | 1.35 |  30.6 | 良      |   11 | 11月    |
|  695 | 2025-11-27 | 宁夏   |   108 |    81   |  130.3 |  23.7 |  39.3 | 1.07 |  68.2 | 轻度污染   |   11 | 11月    |
|  696 | 2025-11-28 | 宁夏   |    84 |    62.6 |   99.5 |  24.8 |  40.8 | 0.8  |  51.7 | 良      |   11 | 11月    |
|  697 | 2025-11-29 | 宁夏   |   102 |    60.9 |  154   |  26.6 |  44.7 | 0.76 |  41.9 | 轻度污染   |   11 | 11月    |
|  698 | 2025-11-30 | 宁夏   |    91 |    68.1 |  124.2 |  18.1 |  45.6 | 0.76 |  25.2 | 良      |   11 | 11月    |
|  699 | 2025-12-01 | 宁夏   |    79 |    52   |  108.3 |  27.2 |  32.8 | 1.05 |  50.8 | 良      |   12 | 12月    |
|  700 | 2025-12-02 | 宁夏   |    87 |    52.2 |  124.9 |  16.5 |  39.1 | 0.88 |  50.1 | 良      |   12 | 12月    |
|  701 | 2025-12-03 | 宁夏   |    83 |    48.9 |  116.3 |  25.5 |  37.4 | 1.02 |  59.5 | 良      |   12 | 12月    |
|  702 | 2025-12-04 | 宁夏   |    81 |    52.8 |  112.7 |  17.7 |  35.3 | 1.13 |  69.9 | 良      |   12 | 12月    |
|  703 | 2025-12-05 | 宁夏   |    71 |    51.9 |   79.5 |  19.4 |  35.8 | 1.35 |  42.7 | 良      |   12 | 12月    |
|  704 | 2025-12-06 | 宁夏   |    72 |    46.8 |   95   |  19.6 |  38   | 0.88 |  89.4 | 良      |   12 | 12月    |
|  705 | 2025-12-07 | 宁夏   |    92 |    68.5 |  112.4 |  16.9 |  32.3 | 0.65 |  48.5 | 良      |   12 | 12月    |
|  706 | 2025-12-08 | 宁夏   |   164 |   124.5 |  119.4 |  19.7 |  42.5 | 1.29 |  69.5 | 中度污染   |   12 | 12月    |
|  707 | 2025-12-09 | 宁夏   |    85 |    63.2 |  103   |  16.9 |  45   | 0.64 |  60.8 | 良      |   12 | 12月    |
|  708 | 2025-12-10 | 宁夏   |   122 |    93   |  128.6 |  15.6 |  30.2 | 0.63 |  56.1 | 轻度污染   |   12 | 12月    |
|  709 | 2025-12-11 | 宁夏   |    74 |    49.8 |   98.6 |  19.2 |  45   | 1.27 |  60.9 | 良      |   12 | 12月    |
|  710 | 2025-12-12 | 宁夏   |    90 |    63.1 |  129.4 |  24   |  29.9 | 1.13 |  43.7 | 良      |   12 | 12月    |
|  711 | 2025-12-13 | 宁夏   |    82 |    60.7 |   96.1 |  18.4 |  41.7 | 1.01 |  54.2 | 良      |   12 | 12月    |
|  712 | 2025-12-14 | 宁夏   |    91 |    68   |  115.2 |  21.9 |  44.5 | 0.9  |  37.6 | 良      |   12 | 12月    |
|  713 | 2025-12-15 | 宁夏   |   100 |    75.1 |  106.1 |  16.5 |  34.4 | 0.86 |  52.3 | 良      |   12 | 12月    |
|  714 | 2025-12-16 | 宁夏   |    80 |    47.2 |  110.5 |  15.1 |  29.3 | 0.77 |  54.3 | 良      |   12 | 12月    |
|  715 | 2025-12-17 | 宁夏   |    97 |    64   |  144.7 |  20.3 |  30.6 | 0.84 |  78.5 | 良      |   12 | 12月    |
|  716 | 2025-12-18 | 宁夏   |    83 |    40.9 |  115.9 |  24.1 |  37.1 | 0.89 |  57.8 | 良      |   12 | 12月    |
|  717 | 2025-12-19 | 宁夏   |   106 |    79.6 |  119.5 |  19.4 |  48.1 | 0.62 |  56.2 | 轻度污染   |   12 | 12月    |
|  718 | 2025-12-20 | 宁夏   |    73 |    47.9 |   96.5 |  21.2 |  22.3 | 0.72 |  68.8 | 良      |   12 | 12月    |
|  719 | 2025-12-21 | 宁夏   |   202 |   152   |  161.7 |  23.2 |  34.7 | 0.46 |  68.7 | 重度污染   |   12 | 12月    |
|  720 | 2025-12-22 | 宁夏   |    86 |    46   |  122.9 |  18.5 |  33.2 | 0.9  |  55.3 | 良      |   12 | 12月    |
|  721 | 2025-12-23 | 宁夏   |    85 |    57.9 |  120.7 |  18.1 |  30.4 | 0.89 |  73.6 | 良      |   12 | 12月    |
|  722 | 2025-12-24 | 宁夏   |    98 |    73.8 |   86.5 |  19.9 |  32.9 | 1.23 |  63.8 | 良      |   12 | 12月    |
|  723 | 2025-12-25 | 宁夏   |   150 |   114.7 |  158.4 |  20.4 |  29.4 | 0.94 |  57   | 轻度污染   |   12 | 12月    |
|  724 | 2025-12-26 | 宁夏   |   108 |    81.8 |  138.7 |  14.2 |  41.8 | 0.75 |  59.3 | 轻度污染   |   12 | 12月    |
|  725 | 2025-12-27 | 宁夏   |    73 |    53.1 |   96   |  19.2 |  42.3 | 0.82 |  85.8 | 良      |   12 | 12月    |
|  726 | 2025-12-28 | 宁夏   |    95 |    63.4 |  140.9 |  18.2 |  33.3 | 0.95 |  61   | 良      |   12 | 12月    |
|  727 | 2025-12-29 | 宁夏   |    83 |    61.6 |   98.3 |  15.8 |  31.5 | 0.9  |  74.6 | 良      |   12 | 12月    |
|  728 | 2025-12-30 | 宁夏   |    89 |    66.1 |  111.9 |  17.9 |  28.8 | 0.96 |  47.4 | 良      |   12 | 12月    |
|  729 | 2025-12-31 | 宁夏   |    77 |    35.1 |  104.9 |  14.5 |  32.7 | 0.92 |  91.1 | 良      |   12 | 12月    |
|  730 | 2025-01-01 | 甘肃   |    88 |    57.3 |  125.4 |  24.9 |  48.5 | 0.77 |  79.9 | 良      |    1 | 1月     |
|  731 | 2025-01-02 | 甘肃   |   181 |   136.7 |  116.6 |  20   |  41.5 | 0.89 |  86.8 | 中度污染   |    1 | 1月     |
|  732 | 2025-01-03 | 甘肃   |   101 |    65   |  152.6 |  20.3 |  22.6 | 1.01 |  88   | 轻度污染   |    1 | 1月     |
|  733 | 2025-01-04 | 甘肃   |    92 |    67.3 |  134.4 |  13.9 |  52   | 1.16 |  71.7 | 良      |    1 | 1月     |
|  734 | 2025-01-05 | 甘肃   |    76 |    44.2 |  102.3 |  19.4 |  53.8 | 1.21 |  65.7 | 良      |    1 | 1月     |
|  735 | 2025-01-06 | 甘肃   |    71 |    43.3 |   92.1 |  23.1 |  33.6 | 0.77 |  69.2 | 良      |    1 | 1月     |
|  736 | 2025-01-07 | 甘肃   |    83 |    39.9 |  116.7 |  21.2 |  28.2 | 0.86 | 106.2 | 良      |    1 | 1月     |
|  737 | 2025-01-08 | 甘肃   |   100 |    74.8 |  112.4 |  13   |  46.2 | 1.76 |  81.5 | 良      |    1 | 1月     |
|  738 | 2025-01-09 | 甘肃   |    84 |    50.1 |  118.9 |  18.1 |  31.8 | 0.9  | 102   | 良      |    1 | 1月     |
|  739 | 2025-01-10 | 甘肃   |    78 |    57.7 |   91   |  24.5 |  35.2 | 0.77 |  77.6 | 良      |    1 | 1月     |
|  740 | 2025-01-11 | 甘肃   |    90 |    54.8 |  129.4 |  18.8 |  42.3 | 0.79 |  66   | 良      |    1 | 1月     |
|  741 | 2025-01-12 | 甘肃   |   139 |   106.2 |  140.7 |  20.2 |  32.5 | 0.88 |  54.2 | 轻度污染   |    1 | 1月     |
|  742 | 2025-01-13 | 甘肃   |   152 |   116.3 |  141.1 |  24   |  31.7 | 0.85 |  92.5 | 中度污染   |    1 | 1月     |
|  743 | 2025-01-14 | 甘肃   |    81 |    59.5 |   90.6 |  18.6 |  24.3 | 0.88 | 111.9 | 良      |    1 | 1月     |
|  744 | 2025-01-15 | 甘肃   |   105 |    54.7 |  159.2 |  21.4 |  28.6 | 0.92 |  66.1 | 轻度污染   |    1 | 1月     |
|  745 | 2025-01-16 | 甘肃   |    85 |    40.6 |  119.8 |  20.2 |  31   | 0.91 |  91.8 | 良      |    1 | 1月     |
|  746 | 2025-01-17 | 甘肃   |   107 |    38.1 |  163.3 |  20.7 |  23.9 | 0.72 |  58.4 | 轻度污染   |    1 | 1月     |
|  747 | 2025-01-18 | 甘肃   |    86 |    51.8 |  121.8 |  19.9 |  24.3 | 0.98 |  73.8 | 良      |    1 | 1月     |
|  748 | 2025-01-19 | 甘肃   |    72 |    42.2 |   93.7 |  17.1 |  32.4 | 0.93 |  89.2 | 良      |    1 | 1月     |
|  749 | 2025-01-20 | 甘肃   |    86 |    43.8 |  121.2 |  17.3 |  19   | 1    |  53.9 | 良      |    1 | 1月     |
|  750 | 2025-01-21 | 甘肃   |    86 |    51.6 |  122.4 |  16   |  25.6 | 0.55 |  85.3 | 良      |    1 | 1月     |
|  751 | 2025-01-22 | 甘肃   |    81 |    48.2 |  111.5 |  13.6 |  45.2 | 0.92 |  71.1 | 良      |    1 | 1月     |
|  752 | 2025-01-23 | 甘肃   |    83 |    55.9 |  116.3 |  22.2 |  28.9 | 0.49 |  97.7 | 良      |    1 | 1月     |
|  753 | 2025-01-24 | 甘肃   |    84 |    46.6 |  118.7 |  18.4 |  27.9 | 0.85 |  84.4 | 良      |    1 | 1月     |
|  754 | 2025-01-25 | 甘肃   |    67 |    38.2 |   83.2 |  21.9 |  28.5 | 1.01 | 104.9 | 良      |    1 | 1月     |
|  755 | 2025-01-26 | 甘肃   |    66 |    44.3 |   81.5 |  22.9 |  28.4 | 1.08 |  83.6 | 良      |    1 | 1月     |
|  756 | 2025-01-27 | 甘肃   |    83 |    61.7 |   86.6 |  18.3 |  34.6 | 0.94 |  64.7 | 良      |    1 | 1月     |
|  757 | 2025-01-28 | 甘肃   |    77 |    34   |  104.8 |  14.2 |  33.9 | 1    |  63   | 良      |    1 | 1月     |
|  758 | 2025-01-29 | 甘肃   |    76 |    55.7 |   97.4 |  17.5 |  27.4 | 0.8  |  56   | 良      |    1 | 1月     |
|  759 | 2025-01-30 | 甘肃   |    78 |    57.4 |   82.1 |  16   |  28.4 | 0.75 | 102.3 | 良      |    1 | 1月     |
|  760 | 2025-01-31 | 甘肃   |    83 |    50.1 |  116.8 |  12   |  38.9 | 1.39 | 137.6 | 良      |    1 | 1月     |
|  761 | 2025-02-01 | 甘肃   |    99 |    74.1 |  106.7 |  16.3 |  19   | 1.01 |  99.9 | 良      |    2 | 2月     |
|  762 | 2025-02-02 | 甘肃   |    78 |    57.6 |  104.1 |  17.6 |  28.9 | 0.61 | 122.8 | 良      |    2 | 2月     |
|  763 | 2025-02-03 | 甘肃   |    98 |    73.3 |   95.3 |  15.8 |  30.1 | 0.49 | 113.6 | 良      |    2 | 2月     |
|  764 | 2025-02-04 | 甘肃   |    71 |    38.3 |   92.6 |  15.3 |  23.5 | 0.74 |  84.5 | 良      |    2 | 2月     |
|  765 | 2025-02-05 | 甘肃   |    67 |    41.2 |   83   |  13.8 |  27.9 | 1.07 | 117.2 | 良      |    2 | 2月     |
|  766 | 2025-02-06 | 甘肃   |    84 |    53.7 |  118.2 |  18.1 |  22.2 | 0.84 |  86.3 | 良      |    2 | 2月     |
|  767 | 2025-02-07 | 甘肃   |    68 |    44.4 |   85.2 |  23.1 |  32.8 | 0.38 |  87.2 | 良      |    2 | 2月     |
|  768 | 2025-02-08 | 甘肃   |    94 |    70.2 |  103.2 |  21.2 |  18.8 | 0.78 |  92.3 | 良      |    2 | 2月     |
|  769 | 2025-02-09 | 甘肃   |    91 |    50.7 |  131.9 |  19.3 |  35.4 | 0.82 |  93.7 | 良      |    2 | 2月     |
|  770 | 2025-02-10 | 甘肃   |    96 |    72.1 |  114.9 |  19.3 |  27.3 | 0.33 | 109.1 | 良      |    2 | 2月     |
|  771 | 2025-02-11 | 甘肃   |    84 |    25.8 |  117.3 |  16.8 |  24.5 | 0.81 |  85.6 | 良      |    2 | 2月     |
|  772 | 2025-02-12 | 甘肃   |    80 |    52   |  109.2 |  11.7 |  20.4 | 0.6  | 114.2 | 良      |    2 | 2月     |
|  773 | 2025-02-13 | 甘肃   |    77 |    51.6 |  103.8 |  16   |  34.5 | 0.43 | 114.5 | 良      |    2 | 2月     |
|  774 | 2025-02-14 | 甘肃   |    78 |    53.3 |  105.9 |  14.1 |  22.5 | 1.12 | 105.5 | 良      |    2 | 2月     |
|  775 | 2025-02-15 | 甘肃   |    90 |    66.8 |   95.1 |  17.4 |  18.7 | 0.58 | 134.7 | 良      |    2 | 2月     |
|  776 | 2025-02-16 | 甘肃   |    86 |    63.8 |   97.5 |  20.6 |  34.1 | 0.66 | 123.5 | 良      |    2 | 2月     |
|  777 | 2025-02-17 | 甘肃   |    68 |    42   |   85.6 |  22.8 |  20.2 | 0.65 | 120.1 | 良      |    2 | 2月     |
|  778 | 2025-02-18 | 甘肃   |    74 |    28   |   97.1 |  17   |  25.7 | 0.78 | 102.5 | 良      |    2 | 2月     |
|  779 | 2025-02-19 | 甘肃   |    67 |    35.5 |   84.3 |  11.7 |  31.9 | 1.13 | 108.2 | 良      |    2 | 2月     |
|  780 | 2025-02-20 | 甘肃   |    83 |    40.7 |  115.9 |  16.9 |  27.1 | 0.54 | 111.8 | 良      |    2 | 2月     |
|  781 | 2025-02-21 | 甘肃   |    61 |    44.2 |   61.5 |  16.9 |  38   | 0.71 | 103.1 | 良      |    2 | 2月     |
|  782 | 2025-02-22 | 甘肃   |   144 |   110.5 |  130.1 |  18.6 |  19.9 | 0.79 |  96.5 | 轻度污染   |    2 | 2月     |
|  783 | 2025-02-23 | 甘肃   |    76 |    37.8 |  101.7 |  16.5 |  24.1 | 0.59 |  60.5 | 良      |    2 | 2月     |
|  784 | 2025-02-24 | 甘肃   |    75 |    52.3 |   99.7 |  16.7 |  24.4 | 0.7  | 117.2 | 良      |    2 | 2月     |
|  785 | 2025-02-25 | 甘肃   |    83 |    55.3 |  115   |  14.5 |  29.6 | 0.88 | 123.4 | 良      |    2 | 2月     |
|  786 | 2025-02-26 | 甘肃   |    69 |    47.5 |   88.6 |  15.4 |  34.1 | 0.6  |  84.3 | 良      |    2 | 2月     |
|  787 | 2025-02-27 | 甘肃   |    75 |    35.1 |   99.2 |  17.8 |  25.4 | 0.68 | 116.5 | 良      |    2 | 2月     |
|  788 | 2025-02-28 | 甘肃   |    71 |    52   |   59.5 |  10.2 |  23.8 | 0.66 |  95.4 | 良      |    2 | 2月     |
|  789 | 2025-03-01 | 甘肃   |   176 |   113.1 |  302.3 |   9.3 |  14.2 | 0.72 |  99.9 | 中度污染   |    3 | 3月     |
|  790 | 2025-03-02 | 甘肃   |   180 |    50.8 |  310.2 |  12.2 |  25.2 | 0.79 | 130.5 | 中度污染   |    3 | 3月     |
|  791 | 2025-03-03 | 甘肃   |   103 |     9   |  156.3 |  15   |  19.8 | 0.86 |  89.5 | 轻度污染   |    3 | 3月     |
|  792 | 2025-03-04 | 甘肃   |   162 |    91.8 |  273.5 |   8.9 |  28.5 | 1.12 |  89.9 | 中度污染   |    3 | 3月     |
|  793 | 2025-03-05 | 甘肃   |   116 |    53.1 |  181.5 |  13.6 |  21.2 | 0.3  | 140.6 | 轻度污染   |    3 | 3月     |
|  794 | 2025-03-06 | 甘肃   |   146 |    84.2 |  242.2 |  15   |  22.2 | 0.7  | 105.9 | 轻度污染   |    3 | 3月     |
|  795 | 2025-03-07 | 甘肃   |   164 |    53.3 |  278.3 |   8.8 |  13.5 | 0.45 | 131.4 | 中度污染   |    3 | 3月     |
|  796 | 2025-03-08 | 甘肃   |   142 |    56.7 |  234.1 |   8.2 |  12   | 0.65 |  80.5 | 轻度污染   |    3 | 3月     |
|  797 | 2025-03-09 | 甘肃   |   175 |    45.6 |  299.9 |   9.3 |  36.5 | 0.9  |  82.3 | 中度污染   |    3 | 3月     |
|  798 | 2025-03-10 | 甘肃   |   136 |    75.4 |  221.8 |   9.5 |  24.3 | 0.96 |  93.6 | 轻度污染   |    3 | 3月     |
|  799 | 2025-03-11 | 甘肃   |   163 |    64.2 |  275.9 |  13   |  26.1 | 0.97 | 101.7 | 中度污染   |    3 | 3月     |
|  800 | 2025-03-12 | 甘肃   |   174 |    98   |  297.6 |   7.4 |  16.8 | 0.96 |  85.5 | 中度污染   |    3 | 3月     |
|  801 | 2025-03-13 | 甘肃   |   197 |    71.9 |  344.5 |  14.3 |  29.2 | 0.68 | 117.7 | 中度污染   |    3 | 3月     |
|  802 | 2025-03-14 | 甘肃   |    95 |    71.2 |  109.9 |   7.2 |  27.8 | 0.99 | 119.2 | 良      |    3 | 3月     |
|  803 | 2025-03-15 | 甘肃   |   134 |    33   |  218.7 |   5.8 |  17.2 | 1.03 |  95.6 | 轻度污染   |    3 | 3月     |
|  804 | 2025-03-16 | 甘肃   |   112 |    36.9 |  174.2 |  11.1 |  15.3 | 0.73 |  97.3 | 轻度污染   |    3 | 3月     |
|  805 | 2025-03-17 | 甘肃   |   155 |    64   |  260.2 |  13.2 |  17.5 | 0.94 | 100   | 中度污染   |    3 | 3月     |
|  806 | 2025-03-18 | 甘肃   |   150 |    50.3 |  250.1 |  10   |  22.3 | 0.71 |  91.7 | 轻度污染   |    3 | 3月     |
|  807 | 2025-03-19 | 甘肃   |   120 |    70.7 |  190   |  10.8 |  23.6 | 0.98 |  60.8 | 轻度污染   |    3 | 3月     |
|  808 | 2025-03-20 | 甘肃   |   190 |    32.2 |  329.7 |  15.3 |  22.6 | 0.66 | 111.7 | 中度污染   |    3 | 3月     |
|  809 | 2025-03-21 | 甘肃   |   100 |    75.3 |  136.4 |  13.1 |  31.3 | 0.57 | 105.7 | 良      |    3 | 3月     |
|  810 | 2025-03-22 | 甘肃   |    91 |    43.6 |  132.3 |   9.5 |  17.1 | 0.47 | 107.8 | 良      |    3 | 3月     |
|  811 | 2025-03-23 | 甘肃   |   107 |    40.7 |  163.8 |   8.1 |  14.4 | 0.66 |  95.8 | 轻度污染   |    3 | 3月     |
|  812 | 2025-03-24 | 甘肃   |   164 |    60.7 |  277.9 |  12.6 |  21.9 | 0.71 | 128.8 | 中度污染   |    3 | 3月     |
|  813 | 2025-03-25 | 甘肃   |    98 |    50.6 |  106.8 |  11.8 |  12   | 0.5  | 158.1 | 良      |    3 | 3月     |
|  814 | 2025-03-26 | 甘肃   |   147 |    67.2 |  244.1 |  10.5 |  26.7 | 0.64 |  99.7 | 轻度污染   |    3 | 3月     |
|  815 | 2025-03-27 | 甘肃   |   109 |    82.1 |   75.4 |   8.3 |  22.4 | 0.58 | 140.1 | 轻度污染   |    3 | 3月     |
|  816 | 2025-03-28 | 甘肃   |   141 |    47   |  231.7 |   9   |  19.3 | 0.47 | 121.7 | 轻度污染   |    3 | 3月     |
|  817 | 2025-03-29 | 甘肃   |   116 |    80.6 |  182.7 |   8.8 |  18.8 | 0.89 | 115.9 | 轻度污染   |    3 | 3月     |
|  818 | 2025-03-30 | 甘肃   |    97 |    51.4 |  143.9 |   8.2 |  27.9 | 0.92 | 109.3 | 良      |    3 | 3月     |
|  819 | 2025-03-31 | 甘肃   |   118 |    77.7 |  186.5 |   7.4 |  27.6 | 0.89 | 114.1 | 轻度污染   |    3 | 3月     |
|  820 | 2025-04-01 | 甘肃   |   150 |    46.7 |  250.4 |   9.9 |  19.7 | 0.66 | 136.5 | 轻度污染   |    4 | 4月     |
|  821 | 2025-04-02 | 甘肃   |    88 |    51.9 |  125.1 |   7.2 |  25.5 | 0.67 |  95.5 | 良      |    4 | 4月     |
|  822 | 2025-04-03 | 甘肃   |   108 |    81.5 |  141.8 |   9.6 |  27.4 | 0.46 | 111.1 | 轻度污染   |    4 | 4月     |
|  823 | 2025-04-04 | 甘肃   |    98 |    68.7 |  145.6 |   3   |  23.6 | 0.76 | 138.7 | 良      |    4 | 4月     |
|  824 | 2025-04-05 | 甘肃   |   106 |    41.5 |  162.7 |   7.3 |  19.8 | 0.71 | 134.1 | 轻度污染   |    4 | 4月     |
|  825 | 2025-04-06 | 甘肃   |   133 |    79.1 |  216.9 |  12.4 |  23.9 | 1.24 |  96.3 | 轻度污染   |    4 | 4月     |
|  826 | 2025-04-07 | 甘肃   |   133 |    31.2 |  215.9 |   6.3 |  13.9 | 0.89 | 113.3 | 轻度污染   |    4 | 4月     |
|  827 | 2025-04-08 | 甘肃   |   115 |    86.8 |  178.1 |  10.8 |  21.6 | 0.74 | 129.8 | 轻度污染   |    4 | 4月     |
|  828 | 2025-04-09 | 甘肃   |   180 |    92.6 |  309.6 |   6.6 |  19.5 | 0.66 | 128.7 | 中度污染   |    4 | 4月     |
|  829 | 2025-04-10 | 甘肃   |   209 |    28.9 |  356.5 |  11.4 |  18.3 | 0.87 | 134.4 | 重度污染   |    4 | 4月     |
|  830 | 2025-04-11 | 甘肃   |   140 |    60.6 |  230.4 |   8.1 |  12   | 0.49 | 123.8 | 轻度污染   |    4 | 4月     |
|  831 | 2025-04-12 | 甘肃   |    94 |    69.9 |  119   |   8   |  13.8 | 0.9  | 126.8 | 良      |    4 | 4月     |
|  832 | 2025-04-13 | 甘肃   |   115 |    42.8 |  180.6 |   9.2 |  17.6 | 0.45 | 123.1 | 轻度污染   |    4 | 4月     |
|  833 | 2025-04-14 | 甘肃   |   175 |    53.4 |  299.3 |   5   |  27.3 | 0.56 | 145.4 | 中度污染   |    4 | 4月     |
|  834 | 2025-04-15 | 甘肃   |   105 |    40.6 |  160.1 |  11.9 |  23   | 0.3  | 109.4 | 轻度污染   |    4 | 4月     |
|  835 | 2025-04-16 | 甘肃   |   111 |    67.8 |  172.5 |  12.9 |  27.6 | 0.79 | 117.9 | 轻度污染   |    4 | 4月     |
|  836 | 2025-04-17 | 甘肃   |   103 |    70.9 |  155.5 |   7.9 |  29.7 | 0.72 |  98.7 | 轻度污染   |    4 | 4月     |
|  837 | 2025-04-18 | 甘肃   |   156 |    79.6 |  261.7 |  10.6 |  23.3 | 0.56 |  95.2 | 中度污染   |    4 | 4月     |
|  838 | 2025-04-19 | 甘肃   |   108 |    54.2 |  166.6 |  11.3 |  22   | 0.48 | 122.8 | 轻度污染   |    4 | 4月     |
|  839 | 2025-04-20 | 甘肃   |   149 |    45.4 |  247.3 |   8.7 |  14.2 | 0.95 | 103.9 | 轻度污染   |    4 | 4月     |
|  840 | 2025-04-21 | 甘肃   |   100 |    69.6 |  149.3 |   5.7 |  34.9 | 0.64 | 115.8 | 良      |    4 | 4月     |
|  841 | 2025-04-22 | 甘肃   |   159 |    86.6 |  267.6 |  13.8 |  12   | 0.52 | 145.9 | 中度污染   |    4 | 4月     |
|  842 | 2025-04-23 | 甘肃   |   145 |    65.6 |  240.8 |   7.8 |  21.9 | 1.06 | 144.8 | 轻度污染   |    4 | 4月     |
|  843 | 2025-04-24 | 甘肃   |   204 |    33.9 |  353.1 |   7.2 |  26.9 | 0.54 | 156.7 | 重度污染   |    4 | 4月     |
|  844 | 2025-04-25 | 甘肃   |   151 |    75.5 |  251.5 |  14   |  27.1 | 0.9  | 146.1 | 中度污染   |    4 | 4月     |
|  845 | 2025-04-26 | 甘肃   |   100 |    53.9 |   89.7 |  10.9 |  13.1 | 0.44 | 159.8 | 良      |    4 | 4月     |
|  846 | 2025-04-27 | 甘肃   |   100 |    41.1 |  149.1 |   9.8 |  18.3 | 0.6  | 124.3 | 良      |    4 | 4月     |
|  847 | 2025-04-28 | 甘肃   |   113 |    85.6 |  168.2 |   6.2 |  15.7 | 0.78 | 100   | 轻度污染   |    4 | 4月     |
|  848 | 2025-04-29 | 甘肃   |   121 |    65.7 |  192.6 |  11.5 |  12   | 0.66 |  98.2 | 轻度污染   |    4 | 4月     |
|  849 | 2025-04-30 | 甘肃   |   106 |    27   |  162   |  17.8 |  22.2 | 0.73 | 141.2 | 轻度污染   |    4 | 4月     |
|  850 | 2025-05-01 | 甘肃   |   147 |    71.7 |  243.7 |  11.8 |  16.4 | 0.57 | 146.8 | 轻度污染   |    5 | 5月     |
|  851 | 2025-05-02 | 甘肃   |   116 |    87.8 |  144.1 |  10.6 |  32   | 0.36 | 148   | 轻度污染   |    5 | 5月     |
|  852 | 2025-05-03 | 甘肃   |   161 |    54.4 |  271.1 |  11.3 |  25.8 | 0.97 | 135.7 | 中度污染   |    5 | 5月     |
|  853 | 2025-05-04 | 甘肃   |   186 |    76.4 |  321.3 |   8.2 |  21.8 | 0.59 | 137.7 | 中度污染   |    5 | 5月     |
|  854 | 2025-05-05 | 甘肃   |   175 |    16.5 |  299.7 |   8.2 |  18.3 | 0.74 | 152.1 | 中度污染   |    5 | 5月     |
|  855 | 2025-05-06 | 甘肃   |   190 |    53   |  330.2 |   8.2 |  22.5 | 0.82 | 126   | 中度污染   |    5 | 5月     |
|  856 | 2025-05-07 | 甘肃   |   136 |    83.6 |  221.6 |   7.5 |  20   | 0.75 | 149.4 | 轻度污染   |    5 | 5月     |
|  857 | 2025-05-08 | 甘肃   |   155 |    62.9 |  259.9 |   8.2 |  22.3 | 0.55 | 171.8 | 中度污染   |    5 | 5月     |
|  858 | 2025-05-09 | 甘肃   |   113 |    35.3 |  176.5 |   8.2 |  35.2 | 0.92 | 105.9 | 轻度污染   |    5 | 5月     |
|  859 | 2025-05-10 | 甘肃   |   114 |    86.4 |  149.6 |   8.6 |  14.5 | 0.79 | 116.4 | 轻度污染   |    5 | 5月     |
|  860 | 2025-05-11 | 甘肃   |   109 |    42.8 |  168.1 |   8.5 |  20.9 | 0.73 | 156   | 轻度污染   |    5 | 5月     |
|  861 | 2025-05-12 | 甘肃   |   107 |    54   |  114.6 |  10.1 |  27.1 | 0.73 | 168.2 | 轻度污染   |    5 | 5月     |
|  862 | 2025-05-13 | 甘肃   |    93 |    40.7 |  136.8 |   9.7 |  19.4 | 1.03 | 134.5 | 良      |    5 | 5月     |
|  863 | 2025-05-14 | 甘肃   |   175 |    69.8 |  300.4 |   9.9 |  33.4 | 0.55 | 107.1 | 中度污染   |    5 | 5月     |
|  864 | 2025-05-15 | 甘肃   |   108 |    63   |  153.4 |  14   |  27.2 | 0.78 | 168.6 | 轻度污染   |    5 | 5月     |
|  865 | 2025-05-16 | 甘肃   |   129 |    57.8 |  207.8 |   9.7 |  17.5 | 0.6  | 127.9 | 轻度污染   |    5 | 5月     |
|  866 | 2025-05-17 | 甘肃   |   129 |    70.1 |  208.4 |  16.2 |  24.1 | 0.32 | 135.7 | 轻度污染   |    5 | 5月     |
|  867 | 2025-05-18 | 甘肃   |   138 |    67.5 |  225.6 |  10.6 |  17.8 | 0.31 | 147.6 | 轻度污染   |    5 | 5月     |
|  868 | 2025-05-19 | 甘肃   |   194 |    74.9 |  337.6 |   8.3 |  17.3 | 0.51 | 129.6 | 中度污染   |    5 | 5月     |
|  869 | 2025-05-20 | 甘肃   |   131 |     6.7 |  211.6 |  13.7 |  22   | 0.58 | 125.5 | 轻度污染   |    5 | 5月     |
|  870 | 2025-05-21 | 甘肃   |   126 |    95.6 |  172   |   9.5 |  31.9 | 1.15 | 125.5 | 轻度污染   |    5 | 5月     |
|  871 | 2025-05-22 | 甘肃   |   124 |    77.9 |  198.7 |   3   |  28.4 | 0.86 | 174   | 轻度污染   |    5 | 5月     |
|  872 | 2025-05-23 | 甘肃   |   189 |    68.2 |  327.3 |   9.8 |  23.2 | 0.88 | 161.1 | 中度污染   |    5 | 5月     |
|  873 | 2025-05-24 | 甘肃   |   157 |    68.7 |  263.7 |   9.1 |  28.9 | 0.59 | 150.2 | 中度污染   |    5 | 5月     |
|  874 | 2025-05-25 | 甘肃   |    56 |    39.8 |   29.9 |  14.7 |  25.5 | 0.74 | 100.1 | 良      |    5 | 5月     |
|  875 | 2025-05-26 | 甘肃   |   115 |    84.6 |  181   |   7.2 |  15.5 | 1.19 | 149.5 | 轻度污染   |    5 | 5月     |
|  876 | 2025-05-27 | 甘肃   |    90 |    32.6 |  128.9 |   8.9 |  22.8 | 0.49 | 148.2 | 良      |    5 | 5月     |
|  877 | 2025-05-28 | 甘肃   |   119 |    51   |  187.8 |  13.8 |  23.5 | 0.82 | 115.3 | 轻度污染   |    5 | 5月     |
|  878 | 2025-05-29 | 甘肃   |   128 |    46.6 |  206.4 |  11.2 |  29.4 | 1.06 | 142.6 | 轻度污染   |    5 | 5月     |
|  879 | 2025-05-30 | 甘肃   |    97 |    71.7 |  139.8 |   9.6 |  20.3 | 0.93 | 156.5 | 良      |    5 | 5月     |
|  880 | 2025-05-31 | 甘肃   |   104 |    76.7 |  157.4 |   7.9 |  18   | 1.1  | 147.4 | 轻度污染   |    5 | 5月     |
|  881 | 2025-06-01 | 甘肃   |    75 |    47.3 |   99.6 |  11.2 |  24.2 | 0.79 | 124.5 | 良      |    6 | 6月     |
|  882 | 2025-06-02 | 甘肃   |    80 |    26.6 |   82.3 |  10.1 |  20.2 | 0.87 | 136.5 | 良      |    6 | 6月     |
|  883 | 2025-06-03 | 甘肃   |    91 |    17   |   61   |   8   |  22.6 | 0.77 | 149   | 良      |    6 | 6月     |
|  884 | 2025-06-04 | 甘肃   |    80 |    19.7 |  105.1 |   8.2 |  24.4 | 0.86 | 136.5 | 良      |    6 | 6月     |
|  885 | 2025-06-05 | 甘肃   |   129 |    32.7 |   49.6 |   7.9 |  22.5 | 0.57 | 191.8 | 轻度污染   |    6 | 6月     |
|  886 | 2025-06-06 | 甘肃   |    85 |    32.8 |   82.9 |   7.5 |  32   | 0.92 | 141.6 | 良      |    6 | 6月     |
|  887 | 2025-06-07 | 甘肃   |    90 |    37.6 |   47.9 |  13.3 |  35.4 | 0.82 | 147.6 | 良      |    6 | 6月     |
|  888 | 2025-06-08 | 甘肃   |    90 |    32.8 |   84   |  12.9 |  31.7 | 0.78 | 148.3 | 良      |    6 | 6月     |
|  889 | 2025-06-09 | 甘肃   |    63 |    45.7 |   72.8 |  13.4 |  13.4 | 1.12 | 113.9 | 良      |    6 | 6月     |
|  890 | 2025-06-10 | 甘肃   |    78 |    31   |  101.1 |  10.7 |  21.5 | 0.72 | 133.5 | 良      |    6 | 6月     |
|  891 | 2025-06-11 | 甘肃   |   106 |    10.3 |   94.1 |  10   |  24.9 | 1.02 | 167.1 | 轻度污染   |    6 | 6月     |
|  892 | 2025-06-12 | 甘肃   |    92 |    33   |   68.2 |  10.1 |  13.4 | 1.04 | 150.4 | 良      |    6 | 6月     |
|  893 | 2025-06-13 | 甘肃   |    83 |    10.5 |   64.6 |  13.9 |  20.3 | 0.95 | 139.4 | 良      |    6 | 6月     |
|  894 | 2025-06-14 | 甘肃   |    96 |    37.9 |   74.1 |   5.4 |  25.3 | 0.59 | 155.1 | 良      |    6 | 6月     |
|  895 | 2025-06-15 | 甘肃   |    84 |    47.5 |  118.2 |   9.4 |  23.7 | 0.86 | 107   | 良      |    6 | 6月     |
|  896 | 2025-06-16 | 甘肃   |    82 |    23.2 |  113.4 |   8.3 |  27   | 1.19 | 100.8 | 良      |    6 | 6月     |
|  897 | 2025-06-17 | 甘肃   |    79 |    52.2 |   61.9 |  15.1 |  17.5 | 0.43 | 134.6 | 良      |    6 | 6月     |
|  898 | 2025-06-18 | 甘肃   |    74 |    45.4 |   97.5 |   9.7 |  24.1 | 0.76 | 115.6 | 良      |    6 | 6月     |
|  899 | 2025-06-19 | 甘肃   |   124 |    49.9 |   47.2 |   6.3 |  28.6 | 1.04 | 186.6 | 轻度污染   |    6 | 6月     |
|  900 | 2025-06-20 | 甘肃   |    62 |    37.9 |   73.1 |  11.9 |  27.8 | 0.79 |  97.8 | 良      |    6 | 6月     |
|  901 | 2025-06-21 | 甘肃   |    96 |    23.8 |   63.8 |  10.2 |  31   | 0.98 | 155.5 | 良      |    6 | 6月     |
|  902 | 2025-06-22 | 甘肃   |    82 |    45.3 |  104   |   9.7 |  30.8 | 1.1  | 138.3 | 良      |    6 | 6月     |
|  903 | 2025-06-23 | 甘肃   |    73 |    28.6 |   57.1 |   9.4 |  25.4 | 0.87 | 127.6 | 良      |    6 | 6月     |
|  904 | 2025-06-24 | 甘肃   |    96 |    37.6 |   91.8 |   9.4 |  29.3 | 0.93 | 155.5 | 良      |    6 | 6月     |
|  905 | 2025-06-25 | 甘肃   |   129 |    34.3 |   83.5 |  13.7 |  23.1 | 0.85 | 191.5 | 轻度污染   |    6 | 6月     |
|  906 | 2025-06-26 | 甘肃   |    69 |    50   |   80.3 |  12.3 |  27   | 0.89 | 115.5 | 良      |    6 | 6月     |
|  907 | 2025-06-27 | 甘肃   |    84 |    45.5 |  117.5 |  11.1 |  21.7 | 1.26 | 124.9 | 良      |    6 | 6月     |
|  908 | 2025-06-28 | 甘肃   |    85 |    35.9 |  119.6 |   8.5 |  36.7 | 0.83 |  87.6 | 良      |    6 | 6月     |
|  909 | 2025-06-29 | 甘肃   |   115 |    13.6 |   81.8 |  11.3 |  27.5 | 0.78 | 176.6 | 轻度污染   |    6 | 6月     |
|  910 | 2025-06-30 | 甘肃   |    64 |    29.6 |   78   |  12.7 |  37.1 | 1.06 | 116.5 | 良      |    6 | 6月     |
|  911 | 2025-07-01 | 甘肃   |    64 |    45.8 |   55.1 |  12.8 |  32   | 0.69 |  85.6 | 良      |    7 | 7月     |
|  912 | 2025-07-02 | 甘肃   |    68 |    40.9 |   85.5 |  12.5 |  23.8 | 0.74 |  99.4 | 良      |    7 | 7月     |
|  913 | 2025-07-03 | 甘肃   |    87 |    19.7 |  124.9 |   9.3 |  32   | 0.74 | 135.7 | 良      |    7 | 7月     |
|  914 | 2025-07-04 | 甘肃   |    90 |    16.2 |   83.6 |   4.9 |  36.1 | 0.82 | 148.5 | 良      |    7 | 7月     |
|  915 | 2025-07-05 | 甘肃   |    92 |    40.4 |  101   |  17.6 |  30.1 | 0.83 | 150.6 | 良      |    7 | 7月     |
|  916 | 2025-07-06 | 甘肃   |    68 |    25.5 |   58.8 |   8.4 |  31.4 | 1.01 | 122.2 | 良      |    7 | 7月     |
|  917 | 2025-07-07 | 甘肃   |    64 |    26.8 |   78.4 |   6.5 |  27.2 | 0.81 |  92.1 | 良      |    7 | 7月     |
|  918 | 2025-07-08 | 甘肃   |    85 |    46.6 |   96.6 |  12.8 |  31.4 | 1.03 | 142.6 | 良      |    7 | 7月     |
|  919 | 2025-07-09 | 甘肃   |    73 |    53.1 |   89.8 |   7.4 |  33.1 | 1.06 | 124.6 | 良      |    7 | 7月     |
|  920 | 2025-07-10 | 甘肃   |    77 |    29.9 |  104.5 |  10.1 |  27.6 | 0.76 | 110   | 良      |    7 | 7月     |
|  921 | 2025-07-11 | 甘肃   |    63 |    38.5 |   76.2 |  14.3 |  24.3 | 1.06 | 105.1 | 良      |    7 | 7月     |
|  922 | 2025-07-12 | 甘肃   |    72 |    38.3 |   53.6 |  18   |  41.1 | 1.09 | 126.8 | 良      |    7 | 7月     |
|  923 | 2025-07-13 | 甘肃   |    81 |    37.4 |  111.4 |  13.9 |  36.5 | 0.55 | 125.7 | 良      |    7 | 7月     |
|  924 | 2025-07-14 | 甘肃   |    60 |    40.1 |   70.5 |  11.5 |  28.7 | 0.97 |  97.4 | 良      |    7 | 7月     |
|  925 | 2025-07-15 | 甘肃   |    75 |    48.8 |   99.7 |  12.7 |  34.2 | 0.81 |  92.3 | 良      |    7 | 7月     |
|  926 | 2025-07-16 | 甘肃   |    82 |    31.8 |   98.9 |   7.5 |  22.5 | 1.18 | 138.4 | 良      |    7 | 7月     |
|  927 | 2025-07-17 | 甘肃   |    53 |    21.8 |   56.9 |  11.7 |  19.3 | 0.82 | 103.3 | 良      |    7 | 7月     |
|  928 | 2025-07-18 | 甘肃   |    82 |    60.5 |  111.4 |  11.8 |  40.9 | 0.66 |  98.7 | 良      |    7 | 7月     |
|  929 | 2025-07-19 | 甘肃   |    83 |    53.5 |   79.4 |  13.6 |  35.1 | 0.92 | 139.6 | 良      |    7 | 7月     |
|  930 | 2025-07-20 | 甘肃   |    71 |    27.4 |   92.2 |  19.1 |  33.4 | 0.76 | 123.7 | 良      |    7 | 7月     |
|  931 | 2025-07-21 | 甘肃   |    67 |    42.4 |   84.2 |   7.5 |  35.6 | 1.11 |  86.8 | 良      |    7 | 7月     |
|  932 | 2025-07-22 | 甘肃   |    87 |    53.1 |  124.2 |  12.2 |  56.7 | 0.78 |  87.2 | 良      |    7 | 7月     |
|  933 | 2025-07-23 | 甘肃   |    84 |    50.1 |  118.9 |   7.9 |  40.4 | 0.94 | 104.8 | 良      |    7 | 7月     |
|  934 | 2025-07-24 | 甘肃   |    65 |    46.8 |   56.1 |  12   |  27.2 | 1.26 |  74.7 | 良      |    7 | 7月     |
|  935 | 2025-07-25 | 甘肃   |    94 |    39.4 |  137.8 |  11   |  23   | 1.18 | 105.8 | 良      |    7 | 7月     |
|  936 | 2025-07-26 | 甘肃   |    84 |    62.4 |   79.4 |   9.2 |  42.3 | 1.06 |  82.2 | 良      |    7 | 7月     |
|  937 | 2025-07-27 | 甘肃   |    93 |    44.4 |  135.3 |  16.5 |  41.1 | 0.94 | 126.6 | 良      |    7 | 7月     |
|  938 | 2025-07-28 | 甘肃   |    69 |    35.8 |   88.4 |  14.6 |  39.4 | 1.05 | 107.2 | 良      |    7 | 7月     |
|  939 | 2025-07-29 | 甘肃   |    86 |    52.6 |   87   |  16.2 |  29.9 | 1.11 | 142.7 | 良      |    7 | 7月     |
|  940 | 2025-07-30 | 甘肃   |    78 |    43.5 |   89.2 |  12.3 |  38.3 | 0.78 | 133.6 | 良      |    7 | 7月     |
|  941 | 2025-07-31 | 甘肃   |    68 |    46.7 |   86.4 |  13.8 |  30.9 | 1.15 |  81.5 | 良      |    7 | 7月     |
|  942 | 2025-08-01 | 甘肃   |   111 |    45.1 |  145.2 |  18.8 |  40.8 | 0.77 | 172.1 | 轻度污染   |    8 | 8月     |
|  943 | 2025-08-02 | 甘肃   |    72 |    48.8 |   93.5 |  14.1 |  43.2 | 1.1  | 111.2 | 良      |    8 | 8月     |
|  944 | 2025-08-03 | 甘肃   |    97 |    31.2 |   89.3 |  16.6 |  32.8 | 0.77 | 155.9 | 良      |    8 | 8月     |
|  945 | 2025-08-04 | 甘肃   |    74 |    25.7 |   97.2 |  12.4 |  44.7 | 1.39 |  83   | 良      |    8 | 8月     |
|  946 | 2025-08-05 | 甘肃   |    82 |    60.5 |   76.6 |  16.5 |  37.8 | 1.16 |  99.7 | 良      |    8 | 8月     |
|  947 | 2025-08-06 | 甘肃   |    89 |    46.5 |  128.2 |  12.7 |  40.6 | 0.7  | 103.3 | 良      |    8 | 8月     |
|  948 | 2025-08-07 | 甘肃   |    72 |    52.9 |   67.1 |   8.8 |  28.2 | 1.01 |  95.1 | 良      |    8 | 8月     |
|  949 | 2025-08-08 | 甘肃   |    67 |    22.7 |   84.5 |  14.5 |  39.2 | 0.91 |  67.6 | 良      |    8 | 8月     |
|  950 | 2025-08-09 | 甘肃   |    90 |    56.7 |  115.8 |  13.2 |  33   | 0.89 | 148.1 | 良      |    8 | 8月     |
|  951 | 2025-08-10 | 甘肃   |    74 |    37.8 |   98.2 |   9.8 |  41.2 | 1.05 | 112.7 | 良      |    8 | 8月     |
|  952 | 2025-08-11 | 甘肃   |    88 |    34.6 |  108.6 |  15.3 |  48.4 | 0.84 | 146   | 良      |    8 | 8月     |
|  953 | 2025-08-12 | 甘肃   |    89 |    43.6 |  128.6 |  12.1 |  40.3 | 1.18 | 120.2 | 良      |    8 | 8月     |
|  954 | 2025-08-13 | 甘肃   |    84 |    32.8 |  118.3 |  24.1 |  32.2 | 1.17 | 107.6 | 良      |    8 | 8月     |
|  955 | 2025-08-14 | 甘肃   |    76 |    44.7 |  101.2 |  10.5 |  43   | 1.11 |  83.3 | 良      |    8 | 8月     |
|  956 | 2025-08-15 | 甘肃   |    95 |    43.2 |  140.5 |  11.3 |  41.6 | 1.04 | 117.5 | 良      |    8 | 8月     |
|  957 | 2025-08-16 | 甘肃   |    78 |    57.7 |   86.5 |  17.6 |  53.4 | 1.18 | 109.8 | 良      |    8 | 8月     |
|  958 | 2025-08-17 | 甘肃   |    85 |    63.3 |   97.3 |  14.7 |  41   | 1.21 |  82.4 | 良      |    8 | 8月     |
|  959 | 2025-08-18 | 甘肃   |    85 |    63.1 |   98.9 |  17.7 |  35.3 | 1.14 | 107.6 | 良      |    8 | 8月     |
|  960 | 2025-08-19 | 甘肃   |    74 |    18.3 |   97.8 |  16.3 |  44.9 | 0.79 |  88.6 | 良      |    8 | 8月     |
|  961 | 2025-08-20 | 甘肃   |    64 |    34.4 |   78.7 |  13.5 |  38.8 | 0.9  |  96.2 | 良      |    8 | 8月     |
|  962 | 2025-08-21 | 甘肃   |    59 |    18.4 |   68.7 |  11.2 |  40.4 | 1.01 | 102.7 | 良      |    8 | 8月     |
|  963 | 2025-08-22 | 甘肃   |    79 |    31.6 |  108.9 |  18.6 |  33.6 | 0.77 | 116.1 | 良      |    8 | 8月     |
|  964 | 2025-08-23 | 甘肃   |    69 |    38.2 |   88.2 |  11.5 |  39.4 | 1.12 |  79.3 | 良      |    8 | 8月     |
|  965 | 2025-08-24 | 甘肃   |    95 |    51.1 |  139.2 |  17.1 |  40.6 | 1.36 |  97   | 良      |    8 | 8月     |
|  966 | 2025-08-25 | 甘肃   |    75 |    40   |   99.9 |  18.3 |  39.6 | 1.33 | 126.3 | 良      |    8 | 8月     |
|  967 | 2025-08-26 | 甘肃   |    73 |    40.5 |   96.5 |  15.2 |  36.6 | 1.23 | 125.2 | 良      |    8 | 8月     |
|  968 | 2025-08-27 | 甘肃   |    87 |    48.7 |  123.7 |  14.7 |  42.9 | 1.23 |  92.6 | 良      |    8 | 8月     |
|  969 | 2025-08-28 | 甘肃   |    80 |    26.2 |  110.1 |  12.7 |  34.6 | 1.53 | 124.9 | 良      |    8 | 8月     |
|  970 | 2025-08-29 | 甘肃   |    74 |    36.7 |   98.7 |  17.1 |  33.1 | 1.26 |  99.6 | 良      |    8 | 8月     |
|  971 | 2025-08-30 | 甘肃   |    70 |    40.9 |   89.7 |   6.6 |  46.3 | 1.28 |  88.5 | 良      |    8 | 8月     |
|  972 | 2025-08-31 | 甘肃   |   113 |    44.6 |  175.9 |  18   |  45.8 | 0.81 |  99.3 | 轻度污染   |    8 | 8月     |
|  973 | 2025-09-01 | 甘肃   |    80 |    48.1 |  110.2 |  16.2 |  32.5 | 1.37 |  99.3 | 良      |    9 | 9月     |
|  974 | 2025-09-02 | 甘肃   |    88 |    65.3 |  124.8 |  15.2 |  28.9 | 1.18 |  94.1 | 良      |    9 | 9月     |
|  975 | 2025-09-03 | 甘肃   |    79 |    58.3 |   82.9 |  16.7 |  34.8 | 1.09 |  89   | 良      |    9 | 9月     |
|  976 | 2025-09-04 | 甘肃   |    71 |    38.3 |   92   |  11.9 |  41.1 | 1.04 | 124.6 | 良      |    9 | 9月     |
|  977 | 2025-09-05 | 甘肃   |    98 |    44.5 |  146   |   8.8 |  50.2 | 1    |  74.1 | 良      |    9 | 9月     |
|  978 | 2025-09-06 | 甘肃   |    91 |    43.8 |  131.9 |  17.5 |  41.2 | 1.37 |  83.5 | 良      |    9 | 9月     |
|  979 | 2025-09-07 | 甘肃   |    82 |    41.7 |  113.3 |  20.1 |  37   | 1.11 |  49.2 | 良      |    9 | 9月     |
|  980 | 2025-09-08 | 甘肃   |    73 |    51.2 |   96.7 |  11   |  43.6 | 1.02 | 105   | 良      |    9 | 9月     |
|  981 | 2025-09-09 | 甘肃   |    75 |    25.7 |   99.8 |  13.1 |  41.9 | 0.97 |  69.4 | 良      |    9 | 9月     |
|  982 | 2025-09-10 | 甘肃   |    80 |    58.7 |   91.2 |  18.5 |  33.1 | 1.16 | 102.4 | 良      |    9 | 9月     |
|  983 | 2025-09-11 | 甘肃   |    92 |    68.6 |   81.7 |  17.4 |  33.3 | 1.05 | 100.2 | 良      |    9 | 9月     |
|  984 | 2025-09-12 | 甘肃   |    87 |    45.1 |  123.5 |  25.2 |  33.6 | 1.01 | 125   | 良      |    9 | 9月     |
|  985 | 2025-09-13 | 甘肃   |    83 |    45   |  116   |  19.6 |  60.5 | 0.85 |  94.1 | 良      |    9 | 9月     |
|  986 | 2025-09-14 | 甘肃   |    85 |    50.4 |  120.1 |  18.9 |  49.3 | 1.33 |  75.7 | 良      |    9 | 9月     |
|  987 | 2025-09-15 | 甘肃   |    82 |    60.9 |   98.8 |  14.2 |  39.2 | 1.11 |  90   | 良      |    9 | 9月     |
|  988 | 2025-09-16 | 甘肃   |    80 |    44.8 |  110.8 |  18.1 |  51.2 | 0.92 |  67.8 | 良      |    9 | 9月     |
|  989 | 2025-09-17 | 甘肃   |    81 |    60   |   97.2 |  21   |  39.6 | 1.09 |  86.9 | 良      |    9 | 9月     |
|  990 | 2025-09-18 | 甘肃   |    75 |    54.7 |   91.4 |  16.1 |  51.2 | 1.25 |  77.3 | 良      |    9 | 9月     |
|  991 | 2025-09-19 | 甘肃   |   103 |    77.3 |  139.5 |  16.2 |  44.3 | 1.15 |  79.4 | 轻度污染   |    9 | 9月     |
|  992 | 2025-09-20 | 甘肃   |    79 |    45.1 |  108.7 |  17   |  39.2 | 1.18 |  64.2 | 良      |    9 | 9月     |
|  993 | 2025-09-21 | 甘肃   |    83 |    25.4 |  116.5 |  14.6 |  48.7 | 1.16 |  85.5 | 良      |    9 | 9月     |
|  994 | 2025-09-22 | 甘肃   |    87 |    32   |  123.2 |  17.5 |  45   | 0.89 |  94.7 | 良      |    9 | 9月     |
|  995 | 2025-09-23 | 甘肃   |    80 |    49.4 |  109.3 |  17.4 |  46.9 | 1.34 |  49.9 | 良      |    9 | 9月     |
|  996 | 2025-09-24 | 甘肃   |    83 |    61.6 |  111.6 |  21.2 |  45.7 | 0.81 |  67   | 良      |    9 | 9月     |
|  997 | 2025-09-25 | 甘肃   |    68 |    41.5 |   85.1 |  16.2 |  45.7 | 1.25 |  82.2 | 良      |    9 | 9月     |
|  998 | 2025-09-26 | 甘肃   |    70 |    46.7 |   89   |  18.8 |  49.9 | 1.28 |  36.8 | 良      |    9 | 9月     |
|  999 | 2025-09-27 | 甘肃   |    78 |    57.7 |   88.1 |  16.3 |  62.5 | 1.11 | 110.1 | 良      |    9 | 9月     |
| 1000 | 2025-09-28 | 甘肃   |    85 |    38   |  119.3 |  18.7 |  53.2 | 1.23 |  65.8 | 良      |    9 | 9月     |
| 1001 | 2025-09-29 | 甘肃   |    79 |    42.3 |  108.7 |  16.1 |  46   | 1.1  |  61.6 | 良      |    9 | 9月     |
| 1002 | 2025-09-30 | 甘肃   |    70 |    35.6 |   89.4 |  18.6 |  42.4 | 1.23 |  74.5 | 良      |    9 | 9月     |
| 1003 | 2025-10-01 | 甘肃   |    86 |    63.8 |  119   |  19.1 |  43.2 | 1.36 |  50.6 | 良      |   10 | 10月    |
| 1004 | 2025-10-02 | 甘肃   |    92 |    68.2 |  118.4 |  13.7 |  35.9 | 1    |  34.4 | 良      |   10 | 10月    |
| 1005 | 2025-10-03 | 甘肃   |    72 |    30.8 |   93.7 |  20.2 |  49.4 | 1.3  |  65.5 | 良      |   10 | 10月    |
| 1006 | 2025-10-04 | 甘肃   |    79 |    48.1 |  107.1 |  16.4 |  37.7 | 1.5  |  54.9 | 良      |   10 | 10月    |
| 1007 | 2025-10-05 | 甘肃   |    90 |    66.7 |  118.6 |  15.5 |  42.2 | 1.22 |  32.5 | 良      |   10 | 10月    |
| 1008 | 2025-10-06 | 甘肃   |    75 |    54.6 |   90.6 |  14.8 |  49.5 | 1.07 |  38.1 | 良      |   10 | 10月    |
| 1009 | 2025-10-07 | 甘肃   |    85 |    44   |  119.1 |  17.8 |  43.2 | 1.62 |  20.1 | 良      |   10 | 10月    |
| 1010 | 2025-10-08 | 甘肃   |    82 |    31.4 |  113.9 |  17   |  41.4 | 1.19 |  24.8 | 良      |   10 | 10月    |
| 1011 | 2025-10-09 | 甘肃   |    86 |    63.8 |   87.9 |  18.1 |  36.5 | 1.21 |  54.2 | 良      |   10 | 10月    |
| 1012 | 2025-10-10 | 甘肃   |    81 |    54.3 |  112.3 |  18.2 |  53.4 | 1.22 |  32.3 | 良      |   10 | 10月    |
| 1013 | 2025-10-11 | 甘肃   |    83 |    32.3 |  115.3 |  18.8 |  39.1 | 1.26 |  79.6 | 良      |   10 | 10月    |
| 1014 | 2025-10-12 | 甘肃   |    87 |    64.3 |   95.4 |  25.3 |  40.9 | 1.1  |  48.3 | 良      |   10 | 10月    |
| 1015 | 2025-10-13 | 甘肃   |    74 |    30.8 |   97   |  17.1 |  32.4 | 1.21 |  22.7 | 良      |   10 | 10月    |
| 1016 | 2025-10-14 | 甘肃   |    69 |    47.3 |   87.8 |  14.8 |  44.9 | 1.36 |  26.4 | 良      |   10 | 10月    |
| 1017 | 2025-10-15 | 甘肃   |    75 |    46.8 |   99   |  10.9 |  42.7 | 1.1  |  66   | 良      |   10 | 10月    |
| 1018 | 2025-10-16 | 甘肃   |    93 |    69.4 |  107.8 |  13.4 |  46.3 | 1.09 |  45.6 | 良      |   10 | 10月    |
| 1019 | 2025-10-17 | 甘肃   |    74 |    46.9 |   97.1 |  20.7 |  36.8 | 1.11 |  64.9 | 良      |   10 | 10月    |
| 1020 | 2025-10-18 | 甘肃   |    65 |    46.8 |   78.3 |  19.2 |  50.1 | 0.95 |  40.4 | 良      |   10 | 10月    |
| 1021 | 2025-10-19 | 甘肃   |    72 |    33.6 |   94.2 |  12.9 |  32.1 | 1.03 |  37   | 良      |   10 | 10月    |
| 1022 | 2025-10-20 | 甘肃   |    75 |    42.3 |   99.6 |  24.4 |  44.3 | 1.02 |  67.2 | 良      |   10 | 10月    |
| 1023 | 2025-10-21 | 甘肃   |    87 |    40.2 |  124.3 |  18   |  45.8 | 1.17 |  31.7 | 良      |   10 | 10月    |
| 1024 | 2025-10-22 | 甘肃   |    85 |    40.8 |  119.8 |  18.4 |  45.3 | 1.34 |  56   | 良      |   10 | 10月    |
| 1025 | 2025-10-23 | 甘肃   |    87 |    50   |  124.6 |  23.7 |  46   | 1.46 |  43.5 | 良      |   10 | 10月    |
| 1026 | 2025-10-24 | 甘肃   |    72 |    20.7 |   93   |  22.2 |  50.4 | 1.18 |  63.2 | 良      |   10 | 10月    |
| 1027 | 2025-10-25 | 甘肃   |    80 |    31.8 |  110.6 |  19.3 |  54.1 | 1.26 |  80.2 | 良      |   10 | 10月    |
| 1028 | 2025-10-26 | 甘肃   |    67 |    48.5 |   59.3 |  19.4 |  43.7 | 1.21 |  40.5 | 良      |   10 | 10月    |
| 1029 | 2025-10-27 | 甘肃   |    83 |    51.3 |  116.2 |  19.7 |  38   | 0.75 |  37.8 | 良      |   10 | 10月    |
| 1030 | 2025-10-28 | 甘肃   |    85 |    47   |  119.8 |  16.2 |  48.7 | 0.93 |  59.8 | 良      |   10 | 10月    |
| 1031 | 2025-10-29 | 甘肃   |    75 |    49.3 |  100.5 |  17.8 |  42.7 | 1.32 |  28.4 | 良      |   10 | 10月    |
| 1032 | 2025-10-30 | 甘肃   |    82 |    44.8 |  113.4 |  18.6 |  53.5 | 1.33 |  77.1 | 良      |   10 | 10月    |
| 1033 | 2025-10-31 | 甘肃   |    68 |    49.4 |   77.1 |  16.5 |  40.4 | 1.33 |  74.2 | 良      |   10 | 10月    |
| 1034 | 2025-11-01 | 甘肃   |    97 |    72.3 |  107.5 |  19.9 |  38.5 | 1.12 |  30.4 | 良      |   11 | 11月    |
| 1035 | 2025-11-02 | 甘肃   |    94 |    65.8 |  138.7 |  22   |  45.5 | 0.76 |  20   | 良      |   11 | 11月    |
| 1036 | 2025-11-03 | 甘肃   |    92 |    51.2 |  133.5 |  19.8 |  32.2 | 0.95 |  27.8 | 良      |   11 | 11月    |
| 1037 | 2025-11-04 | 甘肃   |   102 |    76.4 |  115   |  23   |  41.1 | 0.98 |  28.3 | 轻度污染   |   11 | 11月    |
| 1038 | 2025-11-05 | 甘肃   |    95 |    64.8 |  139.3 |  17.4 |  42   | 1.28 |  63.5 | 良      |   11 | 11月    |
| 1039 | 2025-11-06 | 甘肃   |   103 |    77   |  125.8 |  23.8 |  45.7 | 1.08 |  77.2 | 轻度污染   |   11 | 11月    |
| 1040 | 2025-11-07 | 甘肃   |   103 |    77.7 |  112.8 |  17.8 |  37.2 | 1.49 |  63.8 | 轻度污染   |   11 | 11月    |
| 1041 | 2025-11-08 | 甘肃   |    85 |    45.8 |  119.1 |  21.5 |  37.9 | 1.44 |  45.5 | 良      |   11 | 11月    |
| 1042 | 2025-11-09 | 甘肃   |   111 |    84.1 |  157   |  24.2 |  52.1 | 1.48 |  56.2 | 轻度污染   |   11 | 11月    |
| 1043 | 2025-11-10 | 甘肃   |   101 |    75.9 |   98.9 |  25   |  43.8 | 0.96 |  34.6 | 轻度污染   |   11 | 11月    |
| 1044 | 2025-11-11 | 甘肃   |    99 |    40   |  147.5 |  24.6 |  49.8 | 1.24 |  70.3 | 良      |   11 | 11月    |
| 1045 | 2025-11-12 | 甘肃   |   110 |    82.9 |  110.9 |  23.5 |  39.9 | 1.05 |  58.6 | 轻度污染   |   11 | 11月    |
| 1046 | 2025-11-13 | 甘肃   |    80 |    58.7 |  105.5 |  19.2 |  43.2 | 1.21 |  65   | 良      |   11 | 11月    |
| 1047 | 2025-11-14 | 甘肃   |   167 |   127.1 |  122.7 |  25.4 |  45   | 0.98 |  38.2 | 中度污染   |   11 | 11月    |
| 1048 | 2025-11-15 | 甘肃   |    85 |    62.7 |   69.1 |  19.2 |  55.6 | 1.38 |  48.6 | 良      |   11 | 11月    |
| 1049 | 2025-11-16 | 甘肃   |    93 |    47.1 |  135.7 |  25.7 |  41.8 | 0.98 |  65   | 良      |   11 | 11月    |
| 1050 | 2025-11-17 | 甘肃   |    98 |    73.1 |  137.4 |  24.3 |  42   | 0.74 |  78.2 | 良      |   11 | 11月    |
| 1051 | 2025-11-18 | 甘肃   |   122 |    92.5 |  145.2 |  26.4 |  50.8 | 1.54 |  41.6 | 轻度污染   |   11 | 11月    |
| 1052 | 2025-11-19 | 甘肃   |    84 |    53   |  118.2 |  22.4 |  40.3 | 1.22 |  67   | 良      |   11 | 11月    |
| 1053 | 2025-11-20 | 甘肃   |    83 |    61.1 |  114.5 |  19.8 |  44.9 | 0.91 |  40.4 | 良      |   11 | 11月    |
| 1054 | 2025-11-21 | 甘肃   |    80 |    32.7 |  110.7 |  18.4 |  49.8 | 1.09 |  91.7 | 良      |   11 | 11月    |
| 1055 | 2025-11-22 | 甘肃   |   173 |   131   |  142.5 |  18.7 |  38.6 | 1    |  46.5 | 中度污染   |   11 | 11月    |
| 1056 | 2025-11-23 | 甘肃   |    96 |    69   |  142.8 |  17.3 |  44.9 | 1.12 |  65.9 | 良      |   11 | 11月    |
| 1057 | 2025-11-24 | 甘肃   |    85 |    39.4 |  119.7 |  24.9 |  54.6 | 1.28 |  57.7 | 良      |   11 | 11月    |
| 1058 | 2025-11-25 | 甘肃   |    89 |    37.5 |  127.6 |  25.3 |  48.7 | 1.24 | 102   | 良      |   11 | 11月    |
| 1059 | 2025-11-26 | 甘肃   |    81 |    37.3 |  111   |  23.7 |  44.1 | 1.16 |  59.6 | 良      |   11 | 11月    |
| 1060 | 2025-11-27 | 甘肃   |    98 |    71.2 |  146.1 |  21.9 |  40.4 | 1.11 |  46.6 | 良      |   11 | 11月    |
| 1061 | 2025-11-28 | 甘肃   |    99 |    74.3 |   81.3 |  28.1 |  37.6 | 1.32 |  67.8 | 良      |   11 | 11月    |
| 1062 | 2025-11-29 | 甘肃   |    72 |    46.9 |   94.8 |  21.6 |  34.8 | 0.72 |  67.8 | 良      |   11 | 11月    |
| 1063 | 2025-11-30 | 甘肃   |    89 |    66.2 |  126.6 |  22.5 |  52.1 | 0.95 |  54.3 | 良      |   11 | 11月    |
| 1064 | 2025-12-01 | 甘肃   |   128 |    93.8 |  205.6 |  21.7 |  50.6 | 0.9  |  37.8 | 轻度污染   |   12 | 12月    |
| 1065 | 2025-12-02 | 甘肃   |   131 |    99.5 |  168.7 |  20.7 |  36.6 | 1.29 |  48.4 | 轻度污染   |   12 | 12月    |
| 1066 | 2025-12-03 | 甘肃   |    93 |    69.2 |  101.5 |  23.6 |  43.5 | 0.94 |  74.3 | 良      |   12 | 12月    |
| 1067 | 2025-12-04 | 甘肃   |    94 |    41.7 |  138.1 |  19.7 |  41.7 | 0.83 |  27.4 | 良      |   12 | 12月    |
| 1068 | 2025-12-05 | 甘肃   |   179 |   135   |  157.9 |  19.5 |  49.1 | 1.19 |  54.8 | 中度污染   |   12 | 12月    |
| 1069 | 2025-12-06 | 甘肃   |    97 |    50.4 |  143.4 |  23.6 |  43.3 | 0.9  |  77.7 | 良      |   12 | 12月    |
| 1070 | 2025-12-07 | 甘肃   |   108 |    81.1 |   91.6 |  20   |  40.3 | 1.01 |  58.5 | 轻度污染   |   12 | 12月    |
| 1071 | 2025-12-08 | 甘肃   |    96 |    51.3 |  141.4 |  21.8 |  36.5 | 1.55 |  99.8 | 良      |   12 | 12月    |
| 1072 | 2025-12-09 | 甘肃   |   152 |   116.2 |  143.3 |  20.4 |  42.5 | 1.23 |  29.8 | 中度污染   |   12 | 12月    |
| 1073 | 2025-12-10 | 甘肃   |    80 |    56.7 |  110.9 |  21.3 |  37.5 | 1.02 |  44.4 | 良      |   12 | 12月    |
| 1074 | 2025-12-11 | 甘肃   |    87 |    60.4 |  124.7 |  19.2 |  41.3 | 1.04 |  20.5 | 良      |   12 | 12月    |
| 1075 | 2025-12-12 | 甘肃   |    87 |    64.4 |  119.9 |  19.3 |  39.1 | 1.24 |  98.6 | 良      |   12 | 12月    |
| 1076 | 2025-12-13 | 甘肃   |    94 |    46.1 |  137.1 |  18.7 |  36.8 | 1.19 |  46.2 | 良      |   12 | 12月    |
| 1077 | 2025-12-14 | 甘肃   |    82 |    60.3 |   79.1 |  23.6 |  32.5 | 1.07 |  27.9 | 良      |   12 | 12月    |
| 1078 | 2025-12-15 | 甘肃   |    84 |    62   |  118.2 |  21.6 |  42.7 | 1.07 |  53.2 | 良      |   12 | 12月    |
| 1079 | 2025-12-16 | 甘肃   |    95 |    50.7 |  139.1 |  23.7 |  39.2 | 0.75 |  39.6 | 良      |   12 | 12月    |
| 1080 | 2025-12-17 | 甘肃   |    89 |    65.9 |  116   |  24   |  51.3 | 0.7  |  54.4 | 良      |   12 | 12月    |
| 1081 | 2025-12-18 | 甘肃   |    71 |    38   |   91.7 |  19.5 |  31.3 | 1    |  66.5 | 良      |   12 | 12月    |
| 1082 | 2025-12-19 | 甘肃   |    92 |    51   |  134.4 |  23.4 |  42.8 | 0.91 |  80.8 | 良      |   12 | 12月    |
| 1083 | 2025-12-20 | 甘肃   |    76 |    47.3 |  101   |  20.7 |  37.6 | 1.15 |  63.7 | 良      |   12 | 12月    |
| 1084 | 2025-12-21 | 甘肃   |    74 |    50   |   97.2 |  20.2 |  52.7 | 1.06 |  67.9 | 良      |   12 | 12月    |
| 1085 | 2025-12-22 | 甘肃   |    97 |    72.5 |   94.4 |  24.4 |  41.7 | 0.87 |  57.5 | 良      |   12 | 12月    |
| 1086 | 2025-12-23 | 甘肃   |   155 |   118.2 |  156.1 |  22.2 |  39.9 | 1.05 |  41.3 | 中度污染   |   12 | 12月    |
| 1087 | 2025-12-24 | 甘肃   |   144 |   109.8 |  174.7 |  19.4 |  36.9 | 0.93 |  35.8 | 轻度污染   |   12 | 12月    |
| 1088 | 2025-12-25 | 甘肃   |    69 |    49.7 |   87.2 |  21.9 |  32.3 | 1.42 |  63.1 | 良      |   12 | 12月    |
| 1089 | 2025-12-26 | 甘肃   |    88 |    65.6 |   91   |  16.6 |  39.2 | 1.08 |  71.7 | 良      |   12 | 12月    |
| 1090 | 2025-12-27 | 甘肃   |    76 |    56.1 |   98.1 |  21   |  27.2 | 0.69 |  62.9 | 良      |   12 | 12月    |
| 1091 | 2025-12-28 | 甘肃   |    75 |    55.1 |   92.6 |  15.7 |  27.3 | 1.36 |  38.8 | 良      |   12 | 12月    |
| 1092 | 2025-12-29 | 甘肃   |    81 |    51.3 |  112.1 |  17.2 |  43.5 | 0.87 |  75.5 | 良      |   12 | 12月    |
| 1093 | 2025-12-30 | 甘肃   |   108 |    81.2 |  118.3 |  21.8 |  23.9 | 0.79 | 101.8 | 轻度污染   |   12 | 12月    |
| 1094 | 2025-12-31 | 甘肃   |    94 |    69.9 |  115.3 |  12   |  33.8 | 1.41 |  71   | 良      |   12 | 12月    |